--
-- PostgreSQL database dump
--

SET statement_timeout = 0;
SET client_encoding = 'UTF8';
SET standard_conforming_strings = off;
SET check_function_bodies = false;
SET client_min_messages = warning;
SET escape_string_warning = off;

SET search_path = public, pg_catalog;

SET default_tablespace = '';

SET default_with_oids = false;

--
-- Name: category; Type: TABLE; Schema: public; Owner: nf; Tablespace: 
--

CREATE TABLE category (
    id integer NOT NULL,
    code character varying(255) NOT NULL,
    name character varying(255) NOT NULL,
    marker boolean NOT NULL,
    root boolean NOT NULL,
    standard boolean NOT NULL,
    parentid integer
);


ALTER TABLE public.category OWNER TO nf;

--
-- Name: clip; Type: TABLE; Schema: public; Owner: nf; Tablespace: 
--

CREATE TABLE clip (
    id integer NOT NULL,
    code character varying(255) NOT NULL,
    created timestamp without time zone,
    filename character varying(255) NOT NULL,
    start integer NOT NULL,
    type character varying(255),
    event_id integer,
    team_id integer,
    description character varying(255)
);


ALTER TABLE public.clip OWNER TO nf;

--
-- Name: clip_comment; Type: TABLE; Schema: public; Owner: nf; Tablespace: 
--

CREATE TABLE clip_comment (
    clip_id integer NOT NULL,
    comments_id integer NOT NULL
);


ALTER TABLE public.clip_comment OWNER TO nf;

--
-- Name: clip_person; Type: TABLE; Schema: public; Owner: nf; Tablespace: 
--

CREATE TABLE clip_person (
    clip_id integer NOT NULL,
    persons_id integer NOT NULL
);


ALTER TABLE public.clip_person OWNER TO nf;

--
-- Name: clip_playlist; Type: TABLE; Schema: public; Owner: nf; Tablespace: 
--

CREATE TABLE clip_playlist (
    clip_id integer NOT NULL,
    playlists_id integer NOT NULL
);


ALTER TABLE public.clip_playlist OWNER TO nf;

--
-- Name: clipcategory; Type: TABLE; Schema: public; Owner: nf; Tablespace: 
--

CREATE TABLE clipcategory (
    clip_id integer,
    category_id integer,
    grade integer NOT NULL,
    id integer NOT NULL
);


ALTER TABLE public.clipcategory OWNER TO nf;

--
-- Name: comment; Type: TABLE; Schema: public; Owner: nf; Tablespace: 
--

CREATE TABLE comment (
    id integer NOT NULL,
    body character varying(255) NOT NULL,
    lastupdated timestamp without time zone,
    owner_id integer
);


ALTER TABLE public.comment OWNER TO nf;

--
-- Name: document; Type: TABLE; Schema: public; Owner: nf; Tablespace: 
--

CREATE TABLE document (
    id integer NOT NULL,
    code character varying(255) NOT NULL,
    created timestamp without time zone,
    description text,
    path character varying(255) NOT NULL,
    title character varying(255) NOT NULL,
    requiredauthority character varying(255)
);


ALTER TABLE public.document OWNER TO nf;

--
-- Name: document_category; Type: TABLE; Schema: public; Owner: nf; Tablespace: 
--

CREATE TABLE document_category (
    document_id integer NOT NULL,
    categories_id integer NOT NULL
);


ALTER TABLE public.document_category OWNER TO nf;

--
-- Name: event; Type: TABLE; Schema: public; Owner: nf; Tablespace: 
--

CREATE TABLE event (
    id integer NOT NULL,
    code character varying(255) NOT NULL,
    name character varying(255) NOT NULL,
    date timestamp without time zone,
    location character varying(255),
    awayteam_id integer,
    hometeam_id integer
);


ALTER TABLE public.event OWNER TO nf;

--
-- Name: hibernate_sequence; Type: SEQUENCE; Schema: public; Owner: nf
--

CREATE SEQUENCE hibernate_sequence
    START WITH 1
    INCREMENT BY 1
    NO MAXVALUE
    NO MINVALUE
    CACHE 1;


ALTER TABLE public.hibernate_sequence OWNER TO nf;

--
-- Name: hibernate_sequence; Type: SEQUENCE SET; Schema: public; Owner: nf
--

SELECT pg_catalog.setval('hibernate_sequence', 11106, true);


--
-- Name: person; Type: TABLE; Schema: public; Owner: nf; Tablespace: 
--

CREATE TABLE person (
    id integer NOT NULL,
    code character varying(255) NOT NULL,
    name character varying(255) NOT NULL
);


ALTER TABLE public.person OWNER TO nf;

--
-- Name: playlist; Type: TABLE; Schema: public; Owner: nf; Tablespace: 
--

CREATE TABLE playlist (
    id integer NOT NULL,
    code character varying(255) NOT NULL,
    name character varying(255) NOT NULL,
    description character varying(255),
    lastupdated timestamp without time zone,
    owner_id integer
);


ALTER TABLE public.playlist OWNER TO nf;

--
-- Name: playlist_usertable; Type: TABLE; Schema: public; Owner: nf; Tablespace: 
--

CREATE TABLE playlist_usertable (
    playlist_id integer NOT NULL,
    users_id integer NOT NULL
);


ALTER TABLE public.playlist_usertable OWNER TO nf;

--
-- Name: team; Type: TABLE; Schema: public; Owner: nf; Tablespace: 
--

CREATE TABLE team (
    id integer NOT NULL,
    code character varying(255) NOT NULL,
    name character varying(255) NOT NULL
);


ALTER TABLE public.team OWNER TO nf;

--
-- Name: usertable; Type: TABLE; Schema: public; Owner: nf; Tablespace: 
--

CREATE TABLE usertable (
    id integer NOT NULL,
    username character varying(255),
    firstname character varying(255),
    lastname character varying(255),
    password character varying(255),
    userrole character varying(255),
    restorecode character varying(255)
);


ALTER TABLE public.usertable OWNER TO nf;

--
-- Data for Name: category; Type: TABLE DATA; Schema: public; Owner: nf
--

COPY category (id, code, name, marker, root, standard, parentid) FROM stdin;
147	mål	Mål	f	f	f	\N
150	skudd	Skudd	f	f	f	\N
218	dødball	Dødball	f	f	f	\N
219	kontring	Kontring	f	f	f	\N
220	motetablertforsvar	Mot etablert forsvar	f	f	f	\N
221	lengstehjørne	Lengste hjørne	f	f	f	\N
222	nærmestehjørne	Nærmeste hjørne	f	f	f	\N
223	kroppsligbalanse	Kroppslig balanse	f	f	f	\N
225	duell	Duell	f	f	f	\N
226	volley	Volley	f	f	f	\N
256	rettvendt	Rettvendt	f	f	f	\N
257	feilvendt	Feilvendt	f	f	f	\N
4	utsidetilslag	Utsidetilslag	f	f	f	\N
319	mellomrom	Mellomrom	f	f	f	\N
326	overhopp	Overhopp	f	f	f	\N
327	kombinasjon	Kombinasjon	f	f	f	\N
328	kombinasjonsspill	Kombinasjonsspill	f	f	f	\N
434	keeper	Keeper	f	f	f	\N
436	sideback	Sideback	f	f	f	\N
437	midtback	Midtback	f	f	f	\N
441	vingback	Vingback	f	f	f	\N
443	sentralmidt	Sentral midt	f	f	f	\N
448	indreløper	Indreløper	f	f	f	\N
449	kant	Kant	f	f	f	\N
452	ving	Ving	f	f	f	\N
457	offensivmidt	Offensiv midt	f	f	f	\N
458	møtespiss	Møtespiss	f	f	f	\N
459	spiss	Spiss	f	f	f	\N
464	målsjanse	Målsjanse	f	f	f	\N
465	avslutningskudd	Avslutning skudd	f	f	f	\N
467	avslutningheading	Avslutning heading	f	f	f	\N
474	dødballangrepreorganisering	Dødball angrep reorganisering	f	f	f	\N
475	overgangforsvartilangrep	Overgang forsvar til angrep	f	f	f	\N
478	frisparkskudd	Frispark skudd	f	f	f	\N
480	frisparksidekorridor	Frispark sidekorridor	f	f	f	\N
482	corner	Corner, Hjørnespark	f	f	f	\N
483	innkast	Innkast	f	f	f	\N
484	femmeter	5 meter	f	f	f	\N
486	spillmotgodbalanse	Spill mot god balanse	f	f	f	\N
488	spillmotbegynnendeubalanse	Spill mot begynnende ubalanse	f	f	f	\N
489	spillmotubalanse	Spill mot ubalanse	f	f	f	\N
493	gjennombruddframrom	Gjennombrudd framrom, frispilling	f	f	f	\N
494	spillvending	Spillvending	f	f	f	\N
496	gjennombruddmellomrom	Gjennombrudd mellomrom	f	f	f	\N
497	gjennombruddromibakreledd	Gjennombrudd rom i bakre ledd	f	f	f	\N
498	gjennombruddbakrom	Gjennombrudd bakrom	f	f	f	\N
499	gjennombruddsentralt	Gjennombrudd sentralt	f	f	f	\N
523	gjennombruddkorridor	Gjennombrudd korridor	f	f	f	\N
524	kortgjennombrudd	Kort gjennombrudd	f	f	f	\N
526	langtgjennombrudd	Langt gjennombrudd	f	f	f	\N
528	mothøytpress	Mot høyt press	f	f	f	\N
529	motlavtpress	Mot lavt press	f	f	f	\N
531	motendringipresshøyde	Mot endring i presshøyde	f	f	f	\N
533	motgjenvinningspress	Mot gjenvinningspress	f	f	f	\N
535	motbakreleddstortbakrom	Mot bakre ledd som avgir stort bakrom	f	f	f	\N
536	motbakreleddgradvisfallerav	Mot bakre ledd som gradvis faller av	f	f	f	\N
537	motbakreleddlitebakrom	Mot bakre ledd med lite bakrom	f	f	f	\N
540	motbakreleddtrykkerut	Mot bakre ledd som trykker ut	f	f	f	\N
541	forsterkeubalanse	Forsterke ubalanse	f	f	f	\N
543	skapebegynnendeubalanse	Skape begynnende ubalanse	f	f	f	\N
545	beredskapforsvarsspill	Beredskap forsvarsspill / 4A	f	f	f	\N
558	scoringsferdighetamksh	Scoringsferdighet alene med keeper - skrått hold	f	f	f	\N
556	scoringsferdighetamkrfkis	Scoringsferdighet alene med keeper - rett forfra keeper innenfor straffemerket	f	f	f	\N
553	scoringsferdighetamkrfkus 	Scoringsferdighet alene med keeper - rett forfra keeper utenfor straffemerket	f	f	f	\N
562	scoringsferdighetarf	Scoringsferdighet avslutning rett forfra	f	f	f	\N
563	65	Første tredjedel	f	f	f	\N
564	66	Midtre tredjedel	f	f	f	\N
565	67	Siste tredjedel	f	f	f	\N
575	69	Undertall sentralt midtre sone	f	f	f	\N
577	71	Undertall korridor bakre sone	f	f	f	\N
566	68	Undertall sentralt bakre sone	f	f	f	\N
576	70	Undertall sentralt fremre sone	f	f	f	\N
578	72	Undertall korridor midtre sone	f	f	f	\N
579	73	Undertall korridor fremre sone	f	f	f	\N
580	74	Liketall sentralt bakre sone	f	f	f	\N
582	76	Liketall sentralt midtre sone	f	f	f	\N
574	37	Scoringsferdighet avslutning etter innlegg	f	f	f	\N
572	35	Scoringsferdighet avslutning mot lengste hjørne	f	f	f	\N
568	31	Scoringsferdighet avslutning innenfor 16-meteren	f	f	f	\N
567	30	Scoringsferdighet avslutning utenfor 16-meteren	f	f	f	\N
573	36	Scoringsferdighet avslutning mot midten av målet	f	f	f	\N
569	33	Scoringsferdighet avslutning fra skrått hold	f	f	f	\N
571	34	Scoringsferdighet avslutning mot nærmeste hjørne	f	f	f	\N
585	77	Liketall sentralt fremre sone	f	f	f	\N
586	78	Liketall korridor bakre sone	f	f	f	\N
587	79	Liketall korridor midtre sone	f	f	f	\N
588	80	Liketall korridor fremre sone	f	f	f	\N
589	81	Overtall sentralt bakre sone	f	f	f	\N
590	82	Overtall sentralt midtre sone	f	f	f	\N
591	83	Overtall sentralt fremre sone	f	f	f	\N
592	84	Overtall korridor bakre sone	f	f	f	\N
593	85	Overtall korridor midtre sone	f	f	f	\N
594	86	Overtall korridor fremre sone	f	f	f	\N
595	87	1 mot 1 offensivt	f	f	f	\N
596	88	1 mot 2 offensivt	f	f	f	\N
597	89	1 mot 3 offensivt	f	f	f	\N
598	90	2 mot 1 offensivt	f	f	f	\N
599	91	2 mot 2 offensivt	f	f	f	\N
600	92	2 mot 3 offensivt	f	f	f	\N
601	93	3 mot 1 offensivt	f	f	f	\N
602	94	3 mot 2 offensivt	f	f	f	\N
603	95	3 mot 3 offensivt	f	f	f	\N
604	96	Veggspill	f	f	f	\N
605	97	Overlap	f	f	f	\N
606	98	Underlap	f	f	f	\N
608	100	Timing i pasningsspill	f	f	f	\N
609	101	Tredjemanns bevegelse	f	f	f	\N
610	102	Samtidige bevegelser	f	f	f	\N
612	104	Posisjonsbytte	f	f	f	\N
613	105	Ulike romtrusler	f	f	f	\N
614	106	Motsatte bevegelser	f	f	f	\N
615	107	Bevegelse foran ballfører	f	f	f	\N
616	108	Bevegelse bak ballfører	f	f	f	\N
617	109	Bevegelse foran mål	f	f	f	\N
618	110	Dybdeløp	f	f	f	\N
619	111	Bevegelse midtback	f	f	f	\N
620	112	Bevegelse sideback	f	f	f	\N
621	113	Bevegelse vingback	f	f	f	\N
622	114	Bevegelse sentral midt	f	f	f	\N
623	115	Bevegelse indreløper	f	f	f	\N
624	116	Bevegelse kant	f	f	f	\N
625	117	Bevegelse ving	f	f	f	\N
626	118	Bevegelse offensiv midt	f	f	f	\N
627	119	Bevegelse møtespiss	f	f	f	\N
628	120	Bevegelse innoverkant	f	f	f	\N
629	121	Bevegelse spiss	f	f	f	\N
630	122	Skrutilslag	f	f	f	\N
631	123	Tempotilslag	f	f	f	\N
632	124	Stopptilslag	f	f	f	\N
633	125	Dupptilslag	f	f	f	\N
634	126	Flakktilslag	f	f	f	\N
635	127	Vipp	f	f	f	\N
636	128	Kjipp	f	f	f	\N
637	129	Hel volley fra siden nærmeste fot	f	f	f	\N
640	130	Hel volley fra siden borteste fot	f	f	f	\N
641	131	Hel volley forfra medrullende ball	f	f	f	\N
642	132	Hel volley motrullende ball	f	f	f	\N
643	133	Halv volley fra siden nærmeste fot	f	f	f	\N
644	134	Halv volley fra siden borteste fot	f	f	f	\N
645	135	Halv volley medrullende ball	f	f	f	\N
646	136	Halv volley motrullende ball	f	f	f	\N
648	138	Skrutilslag med dupp	f	f	f	\N
649	139	Skrutilslag med stopp	f	f	f	\N
650	140	Tempotilslag med dupp	f	f	f	\N
651	141	Brassespark	f	f	f	\N
652	142	Strak vrist	f	f	f	\N
653	143	Halvtliggende vrist	f	f	f	\N
654	144	Rettvinklet vrist	f	f	f	\N
655	145	Slice	f	f	f	\N
656	146	Innside	f	f	f	\N
657	147	Utside	f	f	f	\N
658	148	Såle	f	f	f	\N
659	149	Tupp	f	f	f	\N
660	150	Hæl	f	f	f	\N
661	151	Kortpasning	f	f	f	\N
662	152	Langpasning	f	f	f	\N
663	153	Crosspasning	f	f	f	\N
664	154	Diagonalpasning	f	f	f	\N
665	155	Gjennombruddspasning	f	f	f	\N
666	156	Løftet pasning	f	f	f	\N
667	157	Innlegg	f	f	f	\N
668	158	Avslutning	f	f	f	\N
669	159	Chip	f	f	f	\N
670	160	Flikk	f	f	f	\N
671	161	Stuss	f	f	f	\N
673	163	Medtak hode	f	f	f	\N
674	164	Mottak hode	f	f	f	\N
675	165	Medtak bryst	f	f	f	\N
676	166	Mottak bryst	f	f	f	\N
677	167	Medtak lår	f	f	f	\N
678	168	Mottak lår	f	f	f	\N
679	169	Medtak innside	f	f	f	\N
680	170	Mottak innside	f	f	f	\N
681	171	Medtak utside	f	f	f	\N
682	172	Mottak utside	f	f	f	\N
685	173	Mottak strak vrist	f	f	f	\N
687	174	Medtak strak vrist	f	f	f	\N
688	175	Medtak såle	f	f	f	\N
689	176	Mottak såle	f	f	f	\N
692	179	Medtak annet	f	f	f	\N
693	180	Mottak annet	f	f	f	\N
694	181	Medtak vending	f	f	f	\N
696	182	Mottak vending	f	f	f	\N
697	183	Medtak i lufta	f	f	f	\N
698	184	Mottak i lufta	f	f	f	\N
699	185	Mottak langs bakken	f	f	f	\N
700	186	Medtak langs bakken	f	f	f	\N
701	187	Medtak halvsprett	f	f	f	\N
702	188	Mottak halvsprett	f	f	f	\N
703	189	Persepsjon offensivt	f	f	f	\N
704	190	Persepsjon defensivt	f	f	f	\N
706	191	Hodespill i duell	f	f	f	\N
707	192	Hodespill pasning	f	f	f	\N
708	193	Hodespill avslutning	f	f	f	\N
709	194	Hodespill klarering	f	f	f	\N
710	195	Hodespill fra bakken	f	f	f	\N
711	196	Hodespill i lufta	f	f	f	\N
712	197	Hodespill står stille	f	f	f	\N
713	198	Hodespill i fart	f	f	f	\N
714	199	Føring i stort rom	f	f	f	\N
715	200	Føring i lite rom	f	f	f	\N
716	201	Føring med kroppskontakt	f	f	f	\N
717	202	Føring innside	f	f	f	\N
718	203	Føring utside	f	f	f	\N
719	204	Føring såle	f	f	f	\N
720	205	Føring strak vrist	f	f	f	\N
607	99	Innlegg - avslutning	f	f	f	\N
611	103	Åpne - lukke rom	f	f	f	\N
691	178	Mottak 0-touch	f	f	f	\N
690	177	Medtak 0-touch	f	f	f	\N
721	206	Føring dobbeltouch	f	f	f	\N
723	207	Føring temporegulering	f	f	f	\N
724	208	Føring rytme	f	f	f	\N
725	209	Føring rytmebrudd	f	f	f	\N
726	210	Dribling gjennombrudd	f	f	f	\N
727	211	Dribling ikke gjennombrudd	f	f	f	\N
728	212	Dribling innside	f	f	f	\N
729	213	Dribling utside	f	f	f	\N
730	214	Dribling såle	f	f	f	\N
731	215	Dribling strak vrist	f	f	f	\N
732	216	Dribling dobbeltouch	f	f	f	\N
733	217	Dribling temporegulering	f	f	f	\N
734	218	Dribling rytme	f	f	f	\N
736	219	Dribling rytmebrudd	f	f	f	\N
737	220	Føring vending	f	f	f	\N
738	221	Ta av press med medtak	f	f	f	\N
740	223	Ta av press med skjerming	f	f	f	\N
741	224	Ta av press med vending	f	f	f	\N
742	225	Besluttsomhet	f	f	f	\N
743	226	Mot?/uredd/guts/tøffhet	f	f	f	\N
744	227	Løpshurtighet	f	f	f	\N
745	228	Akselerasjon	f	f	f	\N
746	229	Retardasjon	f	f	f	\N
747	230	Fotrapphet	f	f	f	\N
748	231	Duellkraft i lufta	f	f	f	\N
749	232	Duellkraft langs bakken	f	f	f	\N
750	233	Kroppskontakt i løpsduell	f	f	f	\N
753	234	Senterstabilitet	f	f	f	\N
754	235	Agility	f	f	f	\N
757	238	Koordinasjon krafttilpasning	f	f	f	\N
758	239	Koordinasjon balanse i tilslag	f	f	f	\N
759	240	Koordinasjon balanse kroppskontakt	f	f	f	\N
760	241	Koordinasjon balanse unngå kroppskontakt	f	f	f	\N
761	242 	Koordinasjon symetri	f	f	f	\N
762	243	Koordinasjon diagonaler	f	f	f	\N
763	244	Koordinasjon høyre- venstre	f	f	f	\N
764	245	Spillvending mot	f	f	f	\N
766	247	Bakrom mot	f	f	f	\N
767	248	Mellomrom mot	f	f	f	\N
768	250 	Innlegg mot	f	f	f	\N
769	251	Skudd mot	f	f	f	\N
770	252	Redusere rom	f	f	f	\N
771	253	Hindre rom	f	f	f	\N
772	254	Opprette balanse	f	f	f	\N
773	255	1F/3F prioritering	f	f	f	\N
774	256	Høyt press	f	f	f	\N
775	257	Lavt press	f	f	f	\N
776	258	Gjenvinningspress	f	f	f	\N
777	259	Endring i presshøyde	f	f	f	\N
778	260	Mot stor gjennombruddshissighet	f	f	f	\N
779	261	Mot moderat gjennombruddshissighet	f	f	f	\N
780	262	Mot stor gjennombruddsavventende	f	f	f	\N
781	263	Lagstruktur	f	f	f	\N
782	264	Struktur bakre ledd	f	f	f	\N
783	265	Struktur midtre ledd	f	f	f	\N
785	267	1F og 2F	f	f	f	\N
786	268	2F	f	f	f	\N
787	269	Keeper og 1F	f	f	f	\N
790	272	Kontroll på spiller(e) inne i 16m	f	f	f	\N
791	273	1F i duell langs bakken	f	f	f	\N
794	276	1F løpsduell med kroppskontakt	f	f	f	\N
795	277	1F duell i lufta	f	f	f	\N
797	279	1F snappe ball	f	f	f	\N
798	280	1F bryte foran	f	f	f	\N
799	281	1F mot rettvendt stor avstand	f	f	f	\N
802	284	1F mot feilvendt	f	f	f	\N
803	285	1F gjenvinning	f	f	f	\N
804	286	Flere 1F	f	f	f	\N
805	287	1F blokkering i kroppsbalanse	f	f	f	\N
806	288	1F blokkering ute av kroppsbalanse	f	f	f	\N
807	289	1F blokkering nærmeste fot	f	f	f	\N
808	290	1F blokkering borterste fot	f	f	f	\N
809	291	Dødball imot	f	f	f	\N
810	292	Dødball imot reorganisering	f	f	f	\N
811	293	Corner imot	f	f	f	\N
812	294	Frispark skudd imot	f	f	f	\N
813	295	Frispark korridor imot	f	f	f	\N
814	296	Innkast imot	f	f	f	\N
815	297	Straffe imot	f	f	f	\N
816	298	Etablert forsvar	f	f	f	\N
818	299	Overgang angrep til forsvar	f	f	f	\N
819	300	Kontring imot	f	f	f	\N
800	282	1F mot rettvendt liten avstand - vinne ball	f	f	f	\N
801	283	1F mot rettvendt liten avstand - hindre gjennombrudd	f	f	f	\N
792	274	1F sklitakling - hindre gjennombrudd	f	f	f	\N
793	275	1F sklitakling - vinne ball	f	f	f	\N
789	271	3F - markere motspiller	f	f	f	\N
788	270	3F - nekte rom	f	f	f	\N
784	266	Angrepsberedskap / 4F	f	f	f	\N
756	237	Koordinasjon rytme / rytmebrudd	f	f	f	\N
755	236	Koordinasjon øye - fot	f	f	f	\N
826	301	Pasning som kommunikasjon	f	f	f	\N
827	302	Kamuflasje	f	f	f	\N
828	303	Nest siste berøring	f	f	f	\N
837	312	Halvsprett	f	f	f	\N
841	313	Innoverkant	f	f	f	\N
858	314	Intensitet	f	f	f	\N
955	320	Keeper målspark / frispark	f	f	f	\N
956	fysiologi	Fysiologi	f	f	f	\N
957	kampanalyse	Kampanalyse	f	f	f	\N
958	medisin	Medisin	f	f	f	\N
959	psykologi	Psykologi	f	f	f	\N
1112	temp	Temp	f	f	f	\N
1128	500	Reversert skudd	f	f	f	\N
1129	501	Reversert pasning	f	f	f	\N
796	278	1F hentende - fra feil side	f	f	f	\N
1356	555	Keeper igangsetting	f	f	f	\N
1357	556	Keeper tilbakespill	f	f	f	\N
1358	557	Keeper redninger	f	f	f	\N
1359	558	Keeper innlegg	f	f	f	\N
1360	559	Keeper gjennomspill og 1 mot 1	f	f	f	\N
1361	560	Keeper corner mot	f	f	f	\N
1362	561	Keeper frispark mot	f	f	f	\N
672	162	0-touch / overhopp	f	f	f	\N
9046	577	Fysiske krav i fotball	f	f	f	\N
7789	scoringmaal	Scoring	f	f	f	\N
9485	600	Forbedre balanse	f	f	f	\N
9823	signaturferdighet	Signaturferdighet	f	f	f	\N
10913	introvideo	Introvideo referansebibliotek	f	f	f	\N
\.


--
-- Data for Name: clip; Type: TABLE DATA; Schema: public; Owner: nf
--

COPY clip (id, code, created, filename, start, type, event_id, team_id, description) FROM stdin;
1174	c4Kl2RP4ghrn	2011-04-15 15:04:32.43		0	REFERENCE	1173	167	832
11073	cQFdar2srdjz	2011-09-19 18:33:02.667	cnDAP7Y579iV.mp4	0	REFERENCE	11014	333	\N
11074	cYToc53TFSEN	2011-09-19 18:33:02.675	cnDAP7Y579iV.mp4	0	REFERENCE	11014	333	\N
11091	cCVNt8XkbIsX	2011-09-19 18:33:02.802	cWtKAMiVRvkM.mp4	0	REFERENCE	11014	333	\N
11094	c6wTEXtr8jlD	2011-09-19 18:33:02.811	c3RvvXpFA0Pk.mp4	0	REFERENCE	11014	\N	\N
11095	c9SnBEPK9pDr	2011-09-19 18:33:02.82	c3RvvXpFA0Pk.mp4	0	REFERENCE	11014	333	\N
11096	cbLlKNHo42DQ	2011-09-19 18:33:02.829	c3RvvXpFA0Pk.mp4	0	REFERENCE	11014	333	\N
11097	covupP5hDGOo	2011-09-19 18:33:02.836	cvXL2dQs0GEw.mp4	0	REFERENCE	11014	\N	\N
11098	cUGdC9bVZAFX	2011-09-19 18:33:02.848	cvXL2dQs0GEw.mp4	0	REFERENCE	11014	1088	\N
11101	cXhVcPLZ50U7	2011-09-19 18:33:02.862	cvXL2dQs0GEw.mp4	0	REFERENCE	11014	1088	\N
829	cjpT6I1vS6j8	2011-03-29 18:04:28.675	cTPOGcyLdNOn.mp4	0	REFERENCE	240	176	008
876	cxc4JPQaWVmX	2011-05-22 22:32:49.098	cDDCmoSN4xNz.mp4	0	REFERENCE	875	167	042
863	cJDxFjFRw6bs	2011-06-06 12:55:17.134	cILhfswu23tk.mp4	0	REFERENCE	238	169	034
898	c7yScG4pH0qB	2011-03-29 23:52:45.446	cqsHv8H9TjOA.mp4	0	REFERENCE	897	180	063
917	cCOXHdEtPNqT	2011-04-15 14:41:50.017	cvCsNRCy7xRj.mp4	0	REFERENCE	897	180	090
831	cEw4UEuTiFn9	2011-05-20 11:55:22.232	cgm3N0G6o2IN.mp4	0	REFERENCE	241	165	010
907	cxp5vkpa9xJP	2011-05-20 23:40:06.174	ckI7i7KCkubs.mp4	0	REFERENCE	906	176	072
922	cF0URjLU3QZB	2011-06-06 12:53:41.558	cfp8jYvVXBEB.mp4	0	REFERENCE	906	160	093
840	cZ3DxVzpoCNh	2011-04-13 10:09:14.957	cgW6OFjKmZQ2.mp4	0	REFERENCE	247	172	019
874	c0MTI4dgmeNK	2011-05-03 02:47:05.498	cZuDNtEU3POs.mp4	0	REFERENCE	866	169	040
832	clnXbHx2O5nI	2011-04-13 05:03:27.516	co8Vl0SlFJJ0.mp4	0	REFERENCE	242	142	011
865	cKHtlaA1mifa	2011-04-13 10:06:15.305	cco4lYqVLnPw.mp4	0	REFERENCE	864	169	033
849	cptsHaWbZrDs	2011-06-04 15:29:16.982	cAosTQRFETzi.mp4	0	REFERENCE	243	169	029
912	c6Wg9fVFfYU3	2011-06-06 10:30:10.059	cKHsh7reztdx.mp4	0	REFERENCE	868	162	086
877	cTHzLu9cOqqj	2011-04-15 14:52:32.115	cZmn4G4FRIYu.mp4	0	REFERENCE	868	162	049
891	calj7THTR82Y	2011-04-15 14:45:03.473	cdTzC8K6fLzS.mp4	0	REFERENCE	890	187	058
893	c8nwJv9G2j9V	2011-04-13 10:04:15.135	cUCZ9ze6djQY.mp4	0	REFERENCE	892	143	059
905	coKrgGzE26MV	2011-04-13 10:10:54.892	c6ISr5CnB9pO.mp4	0	REFERENCE	903	173	067
910	ckE7Q6sJIuoy	2011-04-15 14:42:42.873	c8sU2Lma9HcB.mp4	0	REFERENCE	904	170	073
852	c7gJrCqhdFxy	2011-04-13 10:07:23.104	cm3B6e8JTxhe.mp4	0	REFERENCE	242	142	047
867	cAw6FnmIbNyi	2011-04-13 10:05:04.943	csJzJR2xBgLR.mp4	0	REFERENCE	866	169	035
820	cy6ZgBHD3R9m	2011-04-13 04:57:35.321	cGloH0k7dAtY.mp4	0	REFERENCE	233	143	001
823	c2ZgqHgwK4wN	2011-04-13 04:59:38.22	cyuBWybZ8M1D.mp4	0	REFERENCE	237	159	005
825	ckwGOBA6rIQA	2011-04-13 05:00:46.419	cLC5jC49srjJ.mp4	0	REFERENCE	239	162	007
871	c6JzAO0wobHF	2011-06-04 15:31:10.19	cx2i5W6CSQIN.mp4	0	REFERENCE	870	142	038
833	cUohPXDsmN6G	2011-04-15 14:58:22.977	cLfFtxq5xRCL.mp4	0	REFERENCE	241	165	012
836	cij5DLGxYsum	2011-04-13 05:04:46.748	cjHWHQhC9mCU.mp4	0	REFERENCE	244	170	016
838	cHz1mBJh1kC2	2011-04-13 05:05:14.353	cHAOLMZNIZgi.mp4	0	REFERENCE	245	142	017
839	c0Feou10jn1B	2011-04-13 05:05:24.962	cIdewWn9qmPf.mp4	0	REFERENCE	246	162	018
923	cxv0rVEEGkHl	2011-04-13 10:09:52.768	cTL6wUiAi4dq.mp4	0	REFERENCE	909	160	094
847	ck29f9774O4I	2011-04-13 05:06:16.306	cj7aVCLInMZ8.mp4	0	REFERENCE	248	142	020
842	cdnb80B3rMl4	2011-04-13 05:06:26.796	cqxS0ui8uMVo.mp4	0	REFERENCE	246	162	021
835	ck9kvrSu5qef	2011-04-15 14:56:34.097	cTuOyXi0UfrC.mp4	0	REFERENCE	239	162	014
848	cLG1X7Dit4Tm	2011-04-13 05:09:41.793	cnjipbbjitM9.mp4	0	REFERENCE	250	162	028
846	cS2AEnyXj8Ge	2011-04-15 14:55:29.546	cVPgE0bqCOsz.mp4	0	REFERENCE	251	184	026
850	cJDPMcNpSfOW	2011-04-13 05:35:30.459	cbLG3aBbEfZz.mp4	0	REFERENCE	242	142	030
862	cqp9U8IyUaH6	2011-04-13 05:35:54.507	cX6uQFr3ubMu.mp4	0	REFERENCE	861	169	031
916	crMKXl7alnRN	2011-04-13 10:01:58.673	c4z38nKepni6.mp4	0	REFERENCE	892	186	088
844	ctWWmHNbIxiO	2011-04-15 14:55:06.878	cY8Soji27Ong.mp4	0	REFERENCE	250	162	024
914	cmkJgN8w4sjB	2011-06-06 10:23:12.527	cGwDMECI2yXP.mp4	0	REFERENCE	241	165	089
869	cK94KROTpKzd	2011-04-15 14:54:15.923	cOHDIR7g3j1O.mp4	0	REFERENCE	868	162	036
824	c8BwKT7tXs3t	2011-05-11 13:20:42.389	cJ4vKVwtmu4a.mp4	0	REFERENCE	238	169	006
821	cqy9Nh8AXslw	2011-05-23 12:15:28.175	cbjKCdIw8fmd.mp4	0	REFERENCE	234	166	002
884	cVkw9kFQ9P51	2011-04-15 15:17:01.38	caTgPWfUYFB2.mp4	0	REFERENCE	882	177	043
851	ckoq89217fj	2011-05-11 10:22:36.202	cFVQeXQTwW0P.mp4	0	REFERENCE	248	181	046
887	c68axcbrsi6L	2011-04-13 05:42:42.951	c3nmOWF7bgdY.mp4	0	REFERENCE	885	167	048
857	cLJSczpvQ0eo	2011-05-03 02:48:15.843	cXlqk940qBCO.mp4	0	REFERENCE	234	166	060
901	cKZziFtcdqSC	2011-05-20 11:46:22.077	c6IQFlJn927o.mp4	0	REFERENCE	896	171	065
855	c1ukP3ZRGyq4	2011-04-15 14:51:32.928	cJ9M4n8iG5I9.mp4	0	REFERENCE	242	142	052
889	chTcywjqWsqY	2011-04-15 14:51:10.563	c7QrQYzMRAZL.mp4	0	REFERENCE	888	177	053
879	cN81Xp96SfvP	2011-04-15 14:50:43.911	cQbgjmsl7tkp.mp4	0	REFERENCE	875	167	054
873	cxS2hyq00kKa	2011-05-11 10:20:11.122	cVDfTR0LfUk0.mp4	0	REFERENCE	872	160	039
878	c4XFjxcVQhbi	2011-04-15 14:44:40.862	coYHQbUzBD2l.mp4	0	REFERENCE	864	182	056
900	c8js899asdas	2011-04-13 05:52:31.072	csjrH5jZxcu2.mp4	0	REFERENCE	899	187	064
902	cLLIy76YxZ6d	2011-04-13 10:03:54.477	cgKS3mCbmwXg.mp4	0	REFERENCE	885	188	066
853	cHXL1dNksy0h	2011-05-20 11:38:20.318	cbymBBKY7pDZ.mp4	0	REFERENCE	235	181	050
860	cMeagdGD52C6	2011-04-15 14:43:25.452	cM9AhtPhQAkU.mp4	0	REFERENCE	251	184	070
927	ceLEjPaPlzTO	2011-04-13 10:13:32.068	cewKdIudZpHE.mp4	0	REFERENCE	243	167	098
924	cLdogut9tEuJ	2011-04-15 15:10:05.714	cI1TJzgZ737o.mp4	0	REFERENCE	861	169	095
915	coPkoR8eewjS	2011-04-15 15:11:50.379	c4VBFZQcqZU7.mp4	0	REFERENCE	909	160	074
913	cMZTU7cJ4Xwq	2011-04-13 10:12:57.456	cKn5uxuESPds.mp4	0	REFERENCE	906	176	087
925	cOQJOoyH1KeP	2011-04-13 10:14:00.526	cMKhGLF72ddI.mp4	0	REFERENCE	861	187	096
911	ceBzXKnOmf0c	2011-04-15 15:12:24.786	cSTMGDYYf5gs.mp4	0	REFERENCE	909	160	074
919	cpLxnv6Hm3PW	2011-04-26 08:12:04.698	cKQxB6xGtXQq.mp4	0	REFERENCE	918	181	091
856	cJ2KAybXIF5q	2011-06-06 10:52:29.88	cYWlW5FcGplj.mp4	0	REFERENCE	243	169	55
929	c2gZwrWPpGdt	2011-03-30 01:54:35.353	cG13puGyZltk.mp4	0	REFERENCE	251	184	100
936	czCmplHXiZbD	2011-03-30 02:13:29.469	co3ezzfExivH.mp4	0	REFERENCE	875	167	109
938	cn5CwvABh4AN	2011-03-30 02:17:16.078	cPAeOGqcDwnO.mp4	0	REFERENCE	872	160	111
822	cFSTC893I3Cn	2011-09-01 12:47:32.079	cjn5sqDchPWH.mp4	0	REFERENCE	235	181	003
843	c0QOzLMcgOjq	2011-08-16 16:01:17.067	cHYfFfUrkWel.mp4	0	REFERENCE	249	170	023
881	cbv9KJQTsYKa	2011-09-15 04:32:15.637	cZQ5nMddyWHC.mp4	0	REFERENCE	880	185	032
921	c3GeHhrcoPHw	2011-08-25 10:05:18.39	cuNAlSyjI37l.mp4	0	REFERENCE	920	173	092
859	cYOntGGQSerP	2011-09-15 04:35:45.708	cjOlRfo7Q2to.mp4	0	REFERENCE	243	169	068
926	cRQDCpIqSshO	2011-09-15 04:39:43.807	cBmPvRMvgY3A.mp4	0	REFERENCE	861	187	097
948	cHzbwRowzdgd	2011-03-30 02:36:05.179	cLakOZb8LsUA.mp4	0	REFERENCE	861	169	126
1172	coIZ1CHwQLlv	2011-04-11 08:06:26.51	cyLN9E4PzWvN.mp4	0	REFERENCE	1147	142	830
1183	cFXIhzqKGL94	2011-04-11 08:36:36.421	caszYX67D8y8.mp4	0	REFERENCE	1182	1086	835
1189	cyGcGmReyN6t	2011-04-11 08:42:52.671	cfmSCr24ETGp.mp4	0	REFERENCE	1188	13	837
1199	cCtMzUC0OYrY	2011-04-11 10:38:10.637	c8PnGyNngMkb.mp4	0	REFERENCE	1198	185	407
1201	cZrjhe1mRGiC	2011-04-11 10:41:45.086	cjXP4k66fiHV.mp4	0	REFERENCE	248	181	430
1202	cWKKvLx5DQga	2011-04-11 10:43:04.859	cWCgMZJg54wD.mp4	0	REFERENCE	940	162	434
1158	cPOKFJDW76w	2011-04-15 14:31:28.162	cCCGEksMl98C.mp4	0	REFERENCE	1134	177	816
1212	cUfNgP3XeM8N	2011-04-11 11:06:24.522	cAar2SFP4xdo.mp4	0	REFERENCE	909	160	406
1220	cAfSi280u2JF	2011-05-02 11:55:59.538	cIfOXFOSPlfl.mp4	0	REFERENCE	1218	187	413
1209	cL0LYCUarcTS	2011-04-12 16:18:52.942	c8f042MwMWw1.mp4	0	REFERENCE	1208	179	403
931	cfj7oeBwGkFr	2011-05-11 10:26:08.997	coPLbUT9WXZo.mp4	0	REFERENCE	245	186	103
1213	cdf2323ddsDS	2011-04-12 16:23:29.768	c10D083YNOjE.mp4	0	REFERENCE	899	187	405
1216	ccRsPovP3v1Y	2011-05-02 10:55:22.061	cGOBCdAlqhM9.mp4	0	REFERENCE	1215	177	411
1207	cSHyZEsrPywe	2011-05-02 11:54:42.173	c1JeedKslk93.mp4	0	REFERENCE	1206	159	
1219	c2QyUHuUfq0t	2011-04-12 16:25:20.468	ckWufv4Q91rw.mp4	0	REFERENCE	1217	187	412
1119	cklmkughasjf	2011-05-11 10:08:39.943	cWSSHxdT35Du.mp4	0	REFERENCE	\N	1074	804
930	cy4ZtZfbp0lL	2011-04-13 06:47:24.309	c5LLQa3pPhTS.mp4	0	REFERENCE	243	167	101
928	c987asdasdas	2011-04-13 06:33:10.432	csWVEkso7pzS.mp4	0	REFERENCE	920	173	099
1167	c1C635UgLW2j	2011-06-06 09:09:11.788	cp3vpctsLjkl.mp4	0	REFERENCE	1144	162	826
1190	cqjfdmjjhf34ds	2011-06-06 10:17:52.901	cSTEj8UEg0rv.mp4	0	REFERENCE	1197	12	838
1113	csad8k21dkqda	2011-04-13 12:10:01.505	cPdEgfyqZYXw.mp4	0	REFERENCE	1110	1074	802
1118	c9823jkoadads	2011-05-11 10:08:00.497	cJFac21Srigj.mp4	0	REFERENCE	\N	1074	803
941	ce01R7hX0cmj	2011-06-04 15:36:15.747	ckNirJVpWbBW.mp4	0	REFERENCE	242	142	116
1195	cdBbKkaUJcqK	2011-04-15 14:59:38.86	cykg7MKe4Jvz.mp4	0	REFERENCE	1135	1088	842
937	cMoia5YJ3Yn2	2011-04-13 10:14:33.172	cCeWmbe39hRz.mp4	0	REFERENCE	903	177	110
943	cZXLHIRKYihf	2011-04-15 14:40:30.95	cUuf1kQjfHAI.mp4	0	REFERENCE	940	162	119
942	cFvmGPRKPNBF	2011-04-13 10:10:33.054	cya4uEylmmz9.mp4	0	REFERENCE	940	162	118
933	c54t2P0JvXek	2011-04-13 07:41:34.966	cfuYjlew42VI.mp4	0	REFERENCE	932	142	106
1151	ckjanbndd77	2011-05-23 00:00:00	cmDQpPyBpDyq.mp4	0	REFERENCE	\N	1106	808
934	ctV2SD68jkqk	2011-04-13 10:11:44.557	cmRYB4zkCjM4.mp4	0	REFERENCE	932	142	107
944	cr4R9haTZ8w4	2011-04-13 10:12:26.5	crbvT3uFHKHH.mp4	0	REFERENCE	243	167	120
1120	cjoJJKjfkjfkfj	2011-04-13 12:14:17.284	c5sXD31TCpt7.mp4	0	REFERENCE	\N	1074	805
947	cO346IiCgyom	2011-04-15 14:39:44.395	ckO0Q8PIWNfV.mp4	0	REFERENCE	249	170	125
1163	cqwwq989eJJJ	2011-04-15 14:28:23.464	cIdxYzXBt9ld.mp4	0	REFERENCE	1139	1138	820
1152	cjaidj98asdHJI	2011-04-15 14:33:31.161	cCB8f0mIxU6b.mp4	0	REFERENCE	1131	160	813
1153	cDSDsdssds	2011-04-15 14:33:49.242	cselZOryigd7.mp4	0	REFERENCE	1126	181	811
1155	ckKOSD90sd	2011-04-15 14:34:14.009	cQuVMkw9TlcE.mp4	0	REFERENCE	1132	162	814
1156	cSDSDdsd89sds	2011-04-15 14:34:49.028	cxOEVDXUEewt.mp4	0	REFERENCE	1133	169	815
1157	cJKJSD99sdsd	2011-04-15 14:35:07.644	cFLh30iq0uYk.mp4	0	REFERENCE	1135	1088	817
1164	cwdasa8988sada	2011-04-15 14:35:40.333	cmi8Jnryz5ND.mp4	0	REFERENCE	1142	177	823
1161	cMJWQWEWQ22	2011-04-15 14:36:53.733	cWE6zU00AZSZ.mp4	0	REFERENCE	1141	160	822
1162	c232jjadasad88	2011-04-15 14:37:53.717	cjgfM9UchnWs.mp4	0	REFERENCE	1140	168	821
935	c6xwNc94lEYP	2011-04-26 13:51:47.739	cWotp1hqYlRR.mp4	0	REFERENCE	875	167	108
1194	cG5Zmy4RT5rR	2011-04-15 15:00:01.386	cYfnxF1jgdxV.mp4	0	REFERENCE	1131	160	841
1193	cdFfwJR5PX8f	2011-04-15 15:00:34.595	cBqMbSqYuwDT.mp4	0	REFERENCE	906	160	840
1192	cSb6gTxntZgG	2011-04-15 15:00:58.67	cIxTNh03HDgv.mp4	0	REFERENCE	1191	1108	839
1186	cGLBmpjLNkEA	2011-04-15 15:01:15.224	cRd2tJ7X5Rxy.mp4	0	REFERENCE	1185	333	836
1178	cuwGOz9KP83Y	2011-04-15 15:03:29.693	c4HKFFPtAbHp.mp4	0	REFERENCE	1176	1107	833
1171	crD38WuLbYCg	2011-06-06 10:19:23.76	cs2phHPqRnPF.mp4	0	REFERENCE	1146	169	831
949	c1eybnmNv5Oi	2011-06-07 09:50:17.738	cpNLfDrVuM97.mp4	0	REFERENCE	882	187	127
1123	cjad9i8sadsa	2011-06-06 10:26:48.173	cg6x3QHzLv7d.mp4	0	REFERENCE	1125	1085	809
1170	c8WbW3gN0sH8	2011-04-15 15:05:18.462	cUxWVYS05rxc.mp4	0	REFERENCE	1144	173	829
1169	cOaZDWINjpoo	2011-04-15 15:05:42.301	c4tXEheIvaDi.mp4	0	REFERENCE	1146	169	828
1168	ck3J4XOKsZPX	2011-04-15 15:06:18.105	coWJHw7WvFSj.mp4	0	REFERENCE	904	170	827
946	cdqzglInDXjk	2011-06-06 10:11:45.849	c38EW305oaEL.mp4	0	REFERENCE	906	160	122
952	cyQcJBhK1xsq	2011-04-15 15:07:20.902	cme08vWeNINz.mp4	0	REFERENCE	951	187	130
945	cyD5PERoYEc4	2011-04-15 15:09:27.952	cpPki9r0uT3a.mp4	0	REFERENCE	906	160	121
1165	casdSDS78722dd	2011-04-15 15:12:55.361	cy3JKvjcLK0K.mp4	0	REFERENCE	1143	160	824
950	cd8nYmu0ZJGw	2011-04-26 08:13:03.613	cHoiS5eSrXjM.mp4	0	REFERENCE	235	181	128
1211	cSWEW233WE	2011-05-02 10:34:59.696	clDZexPcY4X1.mp4	0	REFERENCE	1210	183	404
1149	cdokjomg8wqe	2011-05-11 10:10:30.103	cwqzg8ekzKeP.mp4	0	REFERENCE	\N	1086	807
954	chIGWukE2oLR	2011-05-12 10:11:22.738	cU8YAb6jgcrC.mp4	0	REFERENCE	953	142	
1150	ckjad7asdasd	2011-04-15 14:33:05.999	c2ZwZBtfPvOU.mp4	0	REFERENCE	1122	167	810
1224	c4TfYP4KP8iS	2011-05-02 11:24:30.201	c9FaHauHW81u.mp4	0	REFERENCE	235	174	416
1227	cfJwHCQNHP7r	2011-05-02 11:29:59.251	ceENw2SEvZ6z.mp4	0	REFERENCE	1226	187	418
1289	cDCOLCSLnSsx	2011-05-12 09:27:56.741	cVx1UPTgVIbG.mp4	0	REFERENCE	1239	176	491
1230	cOaUu5061lMY	2011-05-02 11:51:39.019	cKNwCuDjuJry.mp4	0	REFERENCE	1229	169	426
1281	coQVdaxLFQhz	2011-05-05 10:46:03.327	c13Lfwz9aqk9.mp4	0	REFERENCE	1273	168	480
1231	clBc2UAkNSLp	2011-05-04 09:10:46.292	cHoBU89GBbXx.mp4	0	REFERENCE	242	142	427
1240	coK8SDJYrInL	2011-05-04 09:57:11.297	c7hTSfKJINPx.mp4	0	REFERENCE	1239	176	439
1177	cyxJ83Bwq4ap	2011-08-25 10:31:11.578	ckGW4zW7PJSh.mp4	0	REFERENCE	1173	167	832
1233	cmErukZDDP3m	2011-09-16 02:47:45.189	csA9MEmor5AK.mp4	0	REFERENCE	242	142	431
1236	cGSrfmoeJ4XQ	2011-05-04 09:46:16.445	cW38p3ClOhMP.mp4	0	REFERENCE	235	181	435
1242	coWEXiKKJx28	2011-05-04 10:32:45.717	cU4DV44i38KV.mp4	0	REFERENCE	1241	142	440
1243	cyFjtO8sZEoS	2011-05-04 10:35:50.807	ckxuMBcbrkuR.mp4	0	REFERENCE	248	181	441
1245	c8sODpTVTyAV	2011-05-04 10:42:10.577	cwHWcdQ2ty8x.mp4	0	REFERENCE	1244	165	442
1260	ckUYEmnAM6KI	2011-05-04 11:53:58.86	cm7Uh8gUO4VF.mp4	0	REFERENCE	1259	186	459
1263	cEWE23KLOKOff	2011-05-05 08:59:52.123	ccCFAMeSFKrO.mp4	0	REFERENCE	239	162	462
1250	cBzxJUPDR71s	2011-05-04 11:16:55.976	cjnVaYZcpELQ.mp4	0	REFERENCE	1217	187	448
1253	cm0BAxrViWxO	2011-05-04 11:28:42.379	cIOthoiLCJil.mp4	0	REFERENCE	252	166	450
1256	caH87sCYtB32	2011-05-04 11:45:44.316	cM91SFPEHvzm.mp4	0	REFERENCE	242	143	454
1269	cv49x5l2ThGP	2011-05-05 09:26:59.478	czDOClpUCsFk.mp4	0	REFERENCE	1226	187	471
1265	c24d9JSESlas	2011-05-05 09:11:35.1	cZCPWd0eXlxF.mp4	0	REFERENCE	245	142	464
1274	czXz4eyrE5OD	2011-05-05 09:38:52.558	czHJq4lHmizp.mp4	0	REFERENCE	1273	187	474
1282	cyBNzUf2krWN	2011-05-05 10:50:45.395	cXbGR1Dn1LAv.mp4	0	REFERENCE	236	170	481
1276	cq5YYZHSfecw	2011-05-05 09:48:24.858	c6f8cRtZi8AN.mp4	0	REFERENCE	1251	171	476
1300	chv6mCgvkwYo	2011-05-11 09:22:31.34	cMCUf0VgDidv.mp4	0	REFERENCE	1270	170	501
1261	c0wrk7WO7Edb	2011-04-12 16:47:30.518	cDs5dHfu4DFb.mp4	0	REFERENCE	868	162	460
1279	c7OhNp0SXS6u	2011-05-05 10:29:55.201	clx1mWAaYj8q.mp4	0	REFERENCE	1273	187	478
1280	cHagzsl6c4m7	2011-05-05 10:39:44.328	cADvQGMbNtJK.mp4	0	REFERENCE	242	142	479
1287	cwewew23sdhjh	2011-05-05 11:21:00.281	clK7Ad0M7R2H.mp4	0	REFERENCE	883	169	489
1294	c5CcaOSQojUU	2011-05-05 12:04:31.189	cTfWdUTVXd7g.mp4	0	REFERENCE	239	162	496
1297	cQkojA85Zce1	2011-05-05 12:13:28.305	cyU7hQnX2fcq.mp4	0	REFERENCE	250	165	498
1299	cw0vuYUy6Oug	2011-05-11 09:17:55.782	c8s8yyL3YEOV.mp4	0	REFERENCE	1270	170	500
1298	cMMrV9lKMsBd	2011-05-12 11:01:24.004	cUXu4BtIYHtR.mp4	0	REFERENCE	1257	180	499
1313	cKmUpmAJMPoJ	2011-05-11 11:33:10.062	c7RUdEosdlGU.mp4	0	REFERENCE	1270	170	515
1228	cKa6BZso0Q7a	2011-05-11 10:58:54.006	cr3of5t7B8pO.mp4	0	REFERENCE	248	181	424
1283	csooNBgzJJYb	2011-04-12 16:55:46.36	czk3yXopW6yX.mp4	0	REFERENCE	1237	171	482
1305	cpXw3OvDzRYq	2011-05-11 11:09:43.684	cxahySkMXCo2.mp4	0	REFERENCE	1291	177	507
1307	cCmlJp38Ckzi	2011-05-11 11:11:23.571	cN5lLnSS3Q3G.mp4	0	REFERENCE	1306	166	508
1308	cwvJ5YD5Lup2	2011-05-11 11:15:04.898	c99sBQPOO3xu.mp4	0	REFERENCE	236	170	510
1309	csj2aC2RRNdC	2011-05-11 11:20:38.615	c6OtBYhEVex0.mp4	0	REFERENCE	1288	170	511
10518	cWppAMZ9RHaT	2011-05-26 13:19:57.763	c9a4uNfQofGp.mp4	0	REFERENCE	1257	180	
1272	ctgzudPYGNFI	2011-05-12 09:20:13.082	cS5LNjRL7IqU.mp4	0	REFERENCE	885	167	473
1275	cuNt6zYIfqC6	2011-05-12 09:25:07.93	cVCkV8SX05sw.mp4	0	REFERENCE	883	161	475
1249	cKvrSYl5kSci	2011-06-06 13:09:10.543	cPKAqx1z5o4q.mp4	0	REFERENCE	250	162	446
1180	cDlBtI6fwOpy	2011-04-15 15:03:08.559	cIjYunZTuZ52.mp4	0	REFERENCE	1179	162	834
1301	cL5md53xRGpM	2011-05-11 09:33:14.245	cqX3QKwyrDub.mp4	0	REFERENCE	250	162	502
1304	c6xQrMs98MMA	2011-05-11 09:48:46.845	cDIYplszUh6T.mp4	0	REFERENCE	239	164	506
1346	cyIR8p3BHQoA	2011-05-12 23:42:17.172	cp7TPhv9w96C.mp4	0	REFERENCE	1291	162	556
1369	cqLqGeo0yTHA	2011-05-26 13:20:21.682	cTymkmMjKEbH.mp4	0	REFERENCE	1259	164	613 Utkast, overgang
1368	cf2XmuzOY9zR	2011-05-26 13:20:30.492	cDmFBuP4ivJd.mp4	0	REFERENCE	234	163	612 Utkast, kvalitet/teknikk
1328	cvP5faFCGMX8	2011-05-11 11:50:01.319	c5EJnUjoBB7R.mp4	0	REFERENCE	1295	167	533
1314	ccUkUe6oUgtd	2011-05-12 09:17:27.048	coYopIuCyWAS.mp4	0	REFERENCE	239	164	516
1347	cjriANpyxHzq	2011-04-13 08:05:50.11	c9iGJmq1u2t4.mp4	0	REFERENCE	899	185	600 Pasningskvalitet og valg
1349	cnOCyhNdCOw1	2011-04-13 08:03:41.208	ck9dlLJu0Qjo.mp4	0	REFERENCE	880	185	602 Igangsettingsteknikk
1348	cj46iYFXQr2m	2011-04-13 08:05:35.556	c3kzuHuM8bet.mp4	0	REFERENCE	1259	186	601 Igangsettingsteknikk
1353	c0DvysjDzY53	2011-04-13 08:08:19.389	cDOk5Pc3Qt4C.mp4	0	REFERENCE	236	170	605 Pasningsteknikk
1355	c56f334f3f2332	2011-04-13 08:09:06.049	cZI6nonMDCPN.mp4	0	REFERENCE	1354	173	606 Volleyutspark
1370	cSRHcvSMMnMb	2011-04-13 08:10:35.745	cg4FoSTH41UO.mp4	0	REFERENCE	1198	185	614 Utspark, volleyteknikk
1366	cnioqzebBl4j	2011-04-13 08:11:05.374	cJi8OHiJBreo.mp4	0	REFERENCE	245	142	610 Utkast, overgang
1318	cqcIb7g1QUqz	2011-05-12 10:39:49.122	cXsH8Gz1lTsa.mp4	0	REFERENCE	1229	170	520
1364	cQ7Pz9iue49S	2011-04-13 08:11:58.624	cdkApaC1kqX5.mp4	0	REFERENCE	1241	142	608 Utkast, overgang
1373	c55FJ3QGpjLZ	2011-04-13 08:15:56.07	c9pm5PHeItMM.mp4	0	REFERENCE	1226	187	617 Tilbakespill, spillvending
1374	cqa5CR8dZMoS	2011-04-13 08:17:20.816	cN0UDOwtqd3f.mp4	0	REFERENCE	864	169	618 Pasningskvalitet
1375	cHObzJvi3yPY	2011-04-13 08:17:26.626	cx7Je98OCrdd.mp4	0	REFERENCE	909	160	619 Målvakt, presset av motspiller
1322	cPp1fSATwbv6	2011-05-12 10:56:17.446	cfrJOerUHF5s.mp4	0	REFERENCE	864	169	525
1327	cy4y7RpNTOXN	2011-05-12 11:03:33.415	c7coINRlO11m.mp4	0	REFERENCE	906	160	532
1330	ci6dOO5XULHf	2011-05-12 11:10:59.214	cgILMP6skFrs.mp4	0	REFERENCE	245	142	536
1331	cvRX0mu5wdFK	2011-05-12 11:18:17.908	c5EDFVizp0rW.mp4	0	REFERENCE	1259	164	537
1333	cs9q3vqLGJjR	2011-05-12 11:22:59.433	ciOoJta04CGj.mp4	0	REFERENCE	864	169	539
1336	cYCXETtvffji	2011-05-12 11:37:08.735	cCFHrmnP2GTG.mp4	0	REFERENCE	248	181	542
1339	cYNG0AdfimfN	2011-05-12 11:50:50.922	cWBTGOPsUoI2.mp4	0	REFERENCE	243	167	548
1341	caFlzFmqxi0S	2011-05-12 11:53:08.352	cVMYuUryUesE.mp4	0	REFERENCE	892	186	549
1342	c0Gl0zHvQKts	2011-05-12 11:54:37.54	cb8vHJFlUaDv.mp4	0	REFERENCE	1215	177	550
1248	cFSGtayo8duC	2011-09-15 04:33:16.308	cjcB5vhCmbZK.mp4	0	REFERENCE	1247	167	444
1235	cSp4nI2ImWlR	2011-09-03 08:24:03.649	c5hw7gCkxvRa.mp4	0	REFERENCE	1234	163	433
1312	c8qqGMw8iAeD	2011-09-16 04:09:19.397	cXQd6FzJObmO.mp4	0	REFERENCE	909	175	514
1278	c65jkmbWr47A	2011-09-16 04:00:59.995	ctDt8BKm7VbE.mp4	0	REFERENCE	1277	187	477
1285	cImciX8ATmdu	2011-09-15 04:27:06.882	csgsxoOyVxcC.mp4	0	REFERENCE	1284	160	484
1367	c0c2TjG5KDDz	2011-09-15 04:34:32.957	c0EDk7mxTpRE.mp4	0	REFERENCE	243	169	611 Utkast, kvalitet på valg/utførelse
1391	ckK5cmtcAYWk	2011-09-16 04:07:11.585	cIpbKTzCmVDU.mp4	0	REFERENCE	243	169	639 Mottaksteknikk, skudd rett på
1343	cVTqlffPriWk	2011-05-12 11:56:16.473	cq9NKMmobj5j.mp4	0	REFERENCE	1251	171	552
9049	ctVUEEfivrXo	2011-04-15 17:32:29.867	cq7pokHTeSUP.mp4	0	REFERENCE	\N	\N	546
9051	cfw4OSGEABFa	2011-04-15 17:32:51.183	ccRyUJOyKuox.mp4	0	REFERENCE	7771	323	545
10074	ch8jZsfN8gUZ	2011-05-11 13:00:21.725	cOxynrueFduW.mp4	0	REFERENCE	243	169	
10927	cEeEI0Lgt4VL	2011-06-15 23:22:13.058	cyHkHMBtR5XQ.mp4	0	REFERENCE	7771	322	
10924	cLVnjaaOR1CK	2011-06-28 13:30:48.278	c4LlavNChhO2.mp4	0	REFERENCE	7771	10	
1411	cVozoZOyrWvz	2011-04-13 08:23:16.468	c4ljQnKZzm8q.mp4	0	REFERENCE	243	167	661 Teknikk, utførelse
1437	cqAV1aF0b3Ox	2011-04-13 08:27:40.845	cRAAZRI9vo4v.mp4	0	REFERENCE	248	142	689 Gjennomspill, keeper utenfor 16
1447	cSUrZf6HPmX1	2011-04-13 08:29:02.521	c5RT8M58MMZw.mp4	0	REFERENCE	248	181	700 Corner, opptreden
1154	cDw223KLMKK	2011-04-15 14:32:01.603	cf660sscoCIO.mp4	0	REFERENCE	1127	168	812
1160	cjhSDSDSds77	2011-04-15 14:36:32.422	chFPOb7VgGJm.mp4	0	REFERENCE	1131	160	819
1166	cJHWESD32323	2011-04-15 14:37:14.644	cedLxDdm8wjT.mp4	0	REFERENCE	1135	1088	825
6972	cTvjDanJ25di	2011-04-15 14:39:19.658	coGH2lzLsLSS.mp4	0	REFERENCE	951	187	130
6918	cliUrGBCeaCz	2011-04-15 14:40:04.494	c3ndAPFKx4uN.mp4	0	REFERENCE	906	160	121
1223	cDJNeNHlylVg	2011-05-02 11:55:42.113	c2HVkLnVb0XT.mp4	0	REFERENCE	235	174	415
845	cjkasd89asds	2011-05-03 02:39:45.281	cS3GrQR3z7oq.mp4	0	REFERENCE	243	169	025
1255	cWe23sdf334d	2011-05-04 11:41:05.004	cJsgXlPcKzoB.mp4	0	REFERENCE	252	166	453
5172	cBoAqyjo5q2r	2011-05-05 11:28:29.879	c7XeBhkgTkYE.mp4	0	REFERENCE	1288	170	490
1293	c8723jhkjdesdsd	2011-05-05 12:02:31.514	cquqCVN59J0S.mp4	0	REFERENCE	1291	162	495
854	cazmxVTYHFZ1	2011-05-11 10:23:52.969	coOTJApvNxjI.mp4	0	REFERENCE	235	181	051
6651	ckcI8TKO4eoy	2011-05-11 12:37:51.028	ceg3lCfiLZ77.mp4	0	REFERENCE	861	169	095
1335	c23fdf3edsdsds	2011-05-12 11:28:27.687	cj4tmzsVossO.mp4	0	REFERENCE	250	165	541
1148	cjaisdasd89sad	2011-05-23 00:00:00	cU7lfdQmaiAN.mp4	0	REFERENCE	\N	1075	806
886	cIfnkSotTGrS	2011-06-04 15:30:20.054	cLLc5wZ8zF16.mp4	0	REFERENCE	883	169	044
1111	csasd7s8adsa	2011-06-14 18:53:51.904	cu0D0ew0THie.mp4	0	REFERENCE	1110	1074	801
6746	cU92Xo2kATxg	2011-04-13 06:56:56.723	cjIFBxpzL7PA.mp4	0	REFERENCE	932	142	107
830	cDjskdakdsa	2011-04-13 05:01:23.223	cXdXeatqizZL.mp4	0	REFERENCE	240	176	009
6759	cOeVEsYohqf2	2011-04-13 06:58:31.866	ckNUAzomOEO6.mp4	0	REFERENCE	875	167	108
6349	cU0rIXhPG6bp	2011-04-13 05:57:52.103	cYzjdIkYhdaS.mp4	0	REFERENCE	1257	180	063
6599	clWzvh7PcmkO	2011-04-13 06:14:59.663	ckn1wxv6B1Y0.mp4	0	REFERENCE	918	181	091
6636	cQSTUuiOgOMF	2011-04-13 06:20:01.938	c9osZo5XFGDx.mp4	0	REFERENCE	909	160	094
6777	cU8OHU69O9ov	2011-04-13 07:03:09.712	cfStSAIwEFhc.mp4	0	REFERENCE	872	160	111
6940	cNBI0Maj0bmq	2011-04-13 07:13:05.78	cOw5aPZCTOMq.mp4	0	REFERENCE	861	169	126
6956	cKPeIqGzjiBn	2011-04-13 07:18:16.724	cK2HH6xBkr4f.mp4	0	REFERENCE	235	181	128
6984	cnjkwz2l0Gi8	2011-04-13 07:24:02.237		0	REFERENCE	1198	185	132
1363	coTEnnhYIWo9	2011-04-13 08:10:30.445	cCGZtGohpEwy.mp4	0	REFERENCE	1226	185	607 Utspark, liggende volley
939	clIC5mXZx31D	2011-04-13 10:01:07.288	ce2mhE6l6arq.mp4	0	REFERENCE	872	160	114
10040	ciKhRD4z6cNl	2011-05-11 12:50:13.92	cDoXX0bJNW73.mp4	0	REFERENCE	243	169	
7763	cWJ3WkmAT2gu	2011-04-15 11:23:08.962	ctHGEbC2kiQd.mp4	0	REFERENCE	7771	323	
7778	cWyCarQ8RPZu	2011-04-15 12:51:18.345	cdChnKmOv8p5.mp4	0	REFERENCE	7771	323	544
834	cohuysiAmfsr	2011-08-04 18:23:56.69	c7NmQqStGWBU.mp4	0	REFERENCE	235	181	013
1344	cnntnS9EYiBM	2011-08-15 04:48:19.725	cADMBmjEF3nx.mp4	0	REFERENCE	239	162	554
1159	c98asdasdsa	2011-08-04 18:24:08.633	cQLtdunnk7P8.mp4	0	REFERENCE	1136	168	818
1406	cb5D0qhDJaSA	2011-09-12 03:40:18.849	ckORZvz3W6UY.mp4	0	REFERENCE	243	169	656 Redning, posisjonering, tålmodighet
6763	cWYZkMlcR4xd	2011-09-15 04:28:11.641	cxo8cXrHkrnx.mp4	0	REFERENCE	875	167	109
10032	c4ue9wlzZ3oz	2011-09-15 04:32:36.1	c9rSaj4MCx5K.mp4	0	REFERENCE	1198	185	
7123	c0ZsmxQwH3NC	2011-09-15 04:36:15.369	crWtwKRhMC14.mp4	0	REFERENCE	243	169	603
1442	cJN2bcU8lbhp	2011-09-15 04:40:36.873	cSQVwgTwojwm.mp4	0	REFERENCE	243	169	694 Gjennomspill, valg
1436	c7DL57YMffHJ	2011-09-15 04:41:02.829	cR0Q2WTSJoxs.mp4	0	REFERENCE	243	169	688 1 mot 1, blokkering
10103	cfn9k6Fcsf9u	2011-09-15 04:44:35.567	c55ZEB0vK7TL.mp4	0	REFERENCE	1147	142	
11015	cHBajKhZmEt9	2011-09-19 18:33:02.204	c0xT67PCx9Rp.mp4	0	REFERENCE	11014	333	\N
11018	cfc3PpqYu7Qs	2011-09-19 18:33:02.219	c0xT67PCx9Rp.mp4	0	REFERENCE	11014	333	\N
11019	cs07lB48rnRM	2011-09-19 18:33:02.225	c0xT67PCx9Rp.mp4	0	REFERENCE	11014	\N	\N
11020	c0Lv5NfQaJNL	2011-09-19 18:33:02.233	c0xT67PCx9Rp.mp4	0	REFERENCE	11014	333	\N
11021	crdE02AOgnNG	2011-09-19 18:33:02.243	c0xT67PCx9Rp.mp4	0	REFERENCE	11014	333	\N
11023	cKRUbVHD2Bnw	2011-09-19 18:33:02.253	c0xT67PCx9Rp.mp4	0	REFERENCE	11014	333	\N
11024	cDc0NP17qbXW	2011-09-19 18:33:02.259	c8w4NngPh0kV.mp4	0	REFERENCE	11014	\N	\N
11025	c9kalW8HzuSg	2011-09-19 18:33:02.274	c8w4NngPh0kV.mp4	0	REFERENCE	11014	333	\N
11028	coUIikRWanN9	2011-09-19 18:33:02.295	c8w4NngPh0kV.mp4	0	REFERENCE	11014	333	\N
11030	chQ9a9bX7SLe	2011-09-19 18:33:02.315	c8w4NngPh0kV.mp4	0	REFERENCE	11014	333	\N
11031	cySNpDyhvoMB	2011-09-19 18:33:02.337	c8w4NngPh0kV.mp4	0	REFERENCE	11014	333	\N
11032	ctr2VCbKzuGF	2011-09-19 18:33:02.356	c8w4NngPh0kV.mp4	0	REFERENCE	11014	333	\N
11033	cfpnbsjz4ixZ	2011-09-19 18:33:02.365	c7jgFQWKoxsb.mp4	0	REFERENCE	11014	\N	\N
11034	c64dMFB1YSzX	2011-09-19 18:33:02.388	c7jgFQWKoxsb.mp4	0	REFERENCE	11014	333	\N
11037	cQGe91FNe63I	2011-09-19 18:33:02.401	cI6nNWllwpi3.mp4	0	REFERENCE	11014	\N	\N
11038	cT60aVWmtjvp	2011-09-19 18:33:02.411	cI6nNWllwpi3.mp4	0	REFERENCE	11014	333	\N
11039	cuURS02H7UK5	2011-09-19 18:33:02.422	cI6nNWllwpi3.mp4	0	REFERENCE	11014	333	\N
11040	cny51WQjWX4u	2011-09-19 18:33:02.431	cI6nNWllwpi3.mp4	0	REFERENCE	11014	333	\N
11041	cH4DJthHYDsn	2011-09-19 18:33:02.44	cI6nNWllwpi3.mp4	0	REFERENCE	11014	333	\N
11042	cSsbvJmvLkXk	2011-09-19 18:33:02.454	cI6nNWllwpi3.mp4	0	REFERENCE	11014	333	\N
11044	cYk1RpFR9SuO	2011-09-19 18:33:02.466	cI6nNWllwpi3.mp4	0	REFERENCE	11014	333	\N
11045	c3KnXXZZvchf	2011-09-19 18:33:02.474	cI6nNWllwpi3.mp4	0	REFERENCE	11014	333	\N
11046	cCGije4oJlwc	2011-09-19 18:33:02.495	cI6nNWllwpi3.mp4	0	REFERENCE	11014	333	\N
11049	c915AfRpixuz	2011-09-19 18:33:02.508	cI6nNWllwpi3.mp4	0	REFERENCE	11014	333	\N
11051	cedcaBSTQhsa	2011-09-19 18:33:02.515	cSOW5KaIM5CN.mp4	0	REFERENCE	11014	\N	\N
11052	cHE6tTvuVSTa	2011-09-19 18:33:02.524	cSOW5KaIM5CN.mp4	0	REFERENCE	11014	333	\N
11053	c9GWyVfpIpkc	2011-09-19 18:33:02.534	cSOW5KaIM5CN.mp4	0	REFERENCE	11014	333	\N
11055	cqIp2E9bBWof	2011-09-19 18:33:02.544	cSOW5KaIM5CN.mp4	0	REFERENCE	11014	333	\N
11056	cAwUy6CvIlz5	2011-09-19 18:33:02.551	cSOW5KaIM5CN.mp4	0	REFERENCE	11014	333	\N
11057	cXGV9TrPXyTz	2011-09-19 18:33:02.558	cSOW5KaIM5CN.mp4	0	REFERENCE	11014	333	\N
11058	c9UkNBhDIDbl	2011-09-19 18:33:02.567	cSOW5KaIM5CN.mp4	0	REFERENCE	11014	333	\N
11060	cb4WrZ9WuWzT	2011-09-19 18:33:02.581	cSOW5KaIM5CN.mp4	0	REFERENCE	11014	333	\N
11063	cAYbnsbHMXQ5	2011-09-19 18:33:02.595	cSOW5KaIM5CN.mp4	0	REFERENCE	11014	333	\N
11064	crnmwqxf1mVU	2011-09-19 18:33:02.604	cnDAP7Y579iV.mp4	0	REFERENCE	11014	\N	\N
11065	cHkAZtk8n1fp	2011-09-19 18:33:02.618	cnDAP7Y579iV.mp4	0	REFERENCE	11014	333	\N
11067	cWGiPwh7uBnu	2011-09-19 18:33:02.634	cnDAP7Y579iV.mp4	0	REFERENCE	11014	333	\N
11069	cXWYJNSXugrs	2011-09-19 18:33:02.649	cnDAP7Y579iV.mp4	0	REFERENCE	11014	333	\N
11072	cgj7eGfkF6O0	2011-09-19 18:33:02.658	cnDAP7Y579iV.mp4	0	REFERENCE	11014	333	\N
11075	cZb7m3uF0zPD	2011-09-19 18:33:02.68	cSrmMtcs4MKW.mp4	0	REFERENCE	11014	\N	\N
11076	cCitWlIz63D3	2011-09-19 18:33:02.687	cSrmMtcs4MKW.mp4	0	REFERENCE	11014	333	\N
11077	ckUQfLi2qbQW	2011-09-19 18:33:02.707	cSrmMtcs4MKW.mp4	0	REFERENCE	11014	333	\N
11080	cluWllpgpFWo	2011-09-19 18:33:02.72	cSrmMtcs4MKW.mp4	0	REFERENCE	11014	333	\N
11082	cUP8n6Xyio6y	2011-09-19 18:33:02.729	cSrmMtcs4MKW.mp4	0	REFERENCE	11014	333	\N
11083	c4OyoQVSjrIZ	2011-09-19 18:33:02.74	cSrmMtcs4MKW.mp4	0	REFERENCE	11014	333	\N
11085	cLxoSFPr6WYt	2011-09-19 18:33:02.747	cWtKAMiVRvkM.mp4	0	REFERENCE	11014	\N	\N
11086	cBJYQLUYGWjA	2011-09-19 18:33:02.755	cWtKAMiVRvkM.mp4	0	REFERENCE	11014	333	\N
11087	czebIF60Usej	2011-09-19 18:33:02.767	cWtKAMiVRvkM.mp4	0	REFERENCE	11014	333	\N
11089	ceUAmcTyU4FF	2011-09-19 18:33:02.777	cWtKAMiVRvkM.mp4	0	REFERENCE	11014	333	\N
11090	cPo1bbbSGH9y	2011-09-19 18:33:02.786	cWtKAMiVRvkM.mp4	0	REFERENCE	11014	333	\N
11104	cmwbFU0h5gvN	2011-09-19 18:33:02.872	cvXL2dQs0GEw.mp4	0	REFERENCE	11014	333	\N
11105	cYMDG2mfZVFU	2011-09-19 18:33:02.889	cvXL2dQs0GEw.mp4	0	REFERENCE	11014	1088	\N
\.


--
-- Data for Name: clip_comment; Type: TABLE DATA; Schema: public; Owner: nf
--

COPY clip_comment (clip_id, comments_id) FROM stdin;
821	10514
921	10982
1177	10983
1285	10986
1285	10987
1285	10993
\.


--
-- Data for Name: clip_person; Type: TABLE DATA; Schema: public; Owner: nf
--

COPY clip_person (clip_id, persons_id) FROM stdin;
824	262
1318	538
1330	145
1190	381
862	202
869	373
869	205
829	195
844	158
844	205
7778	7776
7778	516
7778	7777
846	203
833	196
887	419
833	413
1163	1094
1195	1104
1195	1105
1194	1103
1349	428
1367	366
1193	396
1123	1078
1373	442
1374	366
1375	429
1391	366
1406	366
1155	1082
1156	1090
1437	432
1442	366
7123	366
922	383
822	191
1249	194
1235	501
843	201
843	200
916	375
1174	1099
1170	1097
916	376
6599	381
6636	18
1169	406
902	364
945	20
930	386
867	418
867	272
930	388
867	202
845	272
845	202
865	418
1156	210
1157	1091
6763	386
6777	18
865	202
881	417
852	22
852	397
881	416
923	18
1160	383
942	158
1162	1093
942	373
1281	522
905	365
950	381
919	381
944	400
6972	357
947	402
6940	202
6956	381
898	362
9049	9048
944	386
925	361
9051	381
1113	392
1120	386
1282	273
1177	1099
921	382
6918	20
943	373
943	398
1297	196
871	145
943	399
871	403
871	389
917	380
917	379
871	19
941	197
910	371
941	145
929	203
860	211
860	368
859	366
859	210
857	209
857	360
878	354
878	353
891	357
891	356
935	392
936	386
938	18
879	400
879	367
889	422
889	204
889	423
855	145
1304	534
877	421
877	205
874	418
948	202
874	210
874	202
9051	190
1228	9764
1228	405
941	397
1305	393
1307	209
1172	432
1308	538
1309	538
1183	515
1189	516
1211	9067
1216	491
1148	1077
1151	1076
1224	500
1227	487
1231	22
1231	424
1233	197
1233	145
1199	404
1201	405
1202	407
1233	403
1236	191
1240	195
1242	503
1243	191
1245	516
1260	509
1274	518
1280	197
847	145
1171	1098
842	199
835	373
835	271
1212	410
900	361
6349	362
834	414
834	275
834	274
821	209
821	190
821	411
1192	1102
1186	1101
1180	158
1178	1100
914	378
928	387
1168	1096
1353	430
1355	431
1370	426
6746	197
6746	145
6759	392
933	22
933	145
933	389
933	19
10074	208
10074	210
10074	202
914	377
1366	432
856	418
1368	438
1369	427
1411	456
1436	366
1447	352
856	208
856	206
1312	542
1314	534
939	395
939	394
939	396
939	372
893	359
1272	515
893	358
1289	195
949	361
840	415
840	198
934	197
934	145
913	374
927	386
937	393
1159	1093
952	357
1322	210
1159	532
1159	1092
1158	1083
1154	1080
1154	1081
1150	515
1152	18
1153	1079
1164	422
1161	1095
1166	1091
926	361
924	385
924	384
1333	208
1333	406
856	210
856	202
10924	10918
1335	551
1335	550
1335	196
10927	10918
1336	9764
1336	207
1336	552
1339	554
1339	419
1341	555
1342	557
1343	520
1343	559
1344	407
1344	398
1346	560
1346	561
1346	407
1346	398
853	414
853	207
853	275
911	20
911	372
911	18
853	274
1287	206
1250	504
1293	398
1253	517
1294	399
1255	506
1256	507
901	363
1149	515
831	412
831	196
876	419
849	208
849	206
849	210
1328	388
6651	385
6651	384
849	202
1167	561
1278	361
1278	357
1278	521
1278	356
915	20
915	372
915	18
1165	396
7763	515
7763	158
7763	400
7763	382
7763	1101
7763	1100
7763	380
7763	1099
5172	201
884	420
1230	406
1207	481
1223	479
1220	492
1248	392
1263	421
1263	194
1263	407
5172	273
1265	21
1269	513
1276	520
1299	273
1279	518
1299	371
1300	9484
10040	208
10040	272
10040	202
1301	194
1301	561
1301	399
10103	22
1111	392
1118	386
1119	386
10103	197
10103	145
848	205
1348	427
1347	426
1363	426
1364	432
912	373
863	202
10032	416
873	18
851	207
851	275
854	381
854	207
931	390
931	391
10103	403
1285	527
1313	544
10103	424
1209	409
1213	487
1219	487
1261	407
10103	389
10103	19
10103	425
1275	519
954	145
954	403
1298	362
1327	20
1331	534
907	369
907	370
10518	439
886	406
1283	525
886	210
946	401
946	383
946	20
946	18
850	197
850	19
820	189
823	193
825	194
830	195
832	197
836	273
838	197
839	276
6984	404
11015	11023
11018	11015
11020	11019
11021	11021
11023	11014
11025	11017
11028	11017
11030	11022
11031	11017
11032	11024
11034	11023
11038	11013
11039	11019
11040	11021
11041	11020
11042	11015
11044	11014
11045	11018
11046	11015
11049	11017
11052	11017
11053	11021
11055	11022
11056	11014
11057	11019
11058	11017
11060	11015
11063	11019
11065	11015
11067	11018
11069	11022
11072	11021
11073	11017
11074	11020
11076	11017
11077	11018
11080	11024
11082	11019
11083	11025
11086	11017
11087	11019
11089	11026
11090	11024
11091	11023
11095	11025
11096	11027
11104	11013
\.


--
-- Data for Name: clip_playlist; Type: TABLE DATA; Schema: public; Owner: nf
--

COPY clip_playlist (clip_id, playlists_id) FROM stdin;
919	9055
950	9055
949	9056
935	9057
845	9140
834	9140
874	9141
857	9141
821	9140
1177	10515
921	10515
949	10515
10518	10521
1369	10521
1368	10521
7123	10521
1442	10521
1442	10522
921	10903
1177	10903
949	10903
1177	10984
1285	10992
822	10992
1235	10995
1406	11000
1391	11000
1285	11009
6763	11009
881	11009
10032	11009
1248	11009
1367	11009
859	11009
926	11009
1442	11009
1436	11009
1391	11012
1312	11012
\.


--
-- Data for Name: clipcategory; Type: TABLE DATA; Schema: public; Owner: nf
--

COPY clipcategory (clip_id, category_id, grade, id) FROM stdin;
933	220	1	6992
933	841	1	6993
933	459	1	6994
933	736	1	6995
933	668	1	6996
933	576	1	6997
933	565	1	6998
933	626	1	6999
933	616	1	7000
933	488	1	7001
1195	632	1	8737
1195	708	1	8738
1195	607	1	8739
1195	441	1	8740
10518	1356	3	10519
10518	434	1	10520
\N	769	1	1734
\N	787	1	1735
\N	806	1	1736
\N	807	1	1737
\N	437	1	1738
\N	724	1	7127
\N	220	1	7128
933	531	1	7002
933	464	1	7003
933	523	1	7004
933	629	1	7005
933	621	1	7006
933	494	1	7007
933	608	1	7008
933	610	1	7009
933	465	1	7010
933	526	1	7011
933	734	1	7012
933	595	1	7013
933	617	1	7014
933	499	1	7015
933	726	1	7016
933	497	1	7017
933	498	1	7018
933	615	1	7019
933	441	1	7020
933	628	1	7021
933	613	1	7022
\N	747	1	7129
\N	524	1	7130
\N	459	1	7131
\N	668	1	7132
\N	715	1	7133
\N	717	1	7134
\N	626	1	7135
\N	536	1	7136
\N	488	1	7137
\N	464	1	7138
\N	523	1	7139
\N	629	1	7140
\N	467	1	7141
\N	607	1	7142
\N	610	1	7143
\N	449	1	7144
\N	529	1	7145
\N	827	1	7146
\N	617	1	7147
\N	499	1	7148
\N	564	1	7149
\N	496	1	7150
1195	459	1	8741
1195	443	1	8742
1195	7789	1	8743
\N	497	1	7151
\N	615	1	7152
\N	457	1	7153
\N	613	1	7154
\N	723	1	7155
1348	955	1	7072
1348	434	1	7073
1347	434	1	7074
1347	955	1	7075
1363	434	1	7080
1363	1356	1	7081
1364	434	1	7089
1364	1356	1	7090
1367	434	1	7091
1367	1356	1	7092
1373	434	1	7097
1373	1357	1	7098
1195	630	1	8744
1374	434	1	7099
1374	1357	1	7100
1375	434	1	7101
1375	1357	1	7102
1391	434	1	7103
1391	1358	1	7104
1406	434	1	7105
1406	1358	1	7106
1437	1360	1	7117
1437	434	1	7118
1442	1360	1	7119
1442	434	1	7120
7123	434	1	7124
7123	955	1	7125
1194	220	1	8745
1194	610	1	8746
1194	524	1	8747
1194	529	1	8748
1194	443	1	8749
1349	955	1	7067
1349	434	1	7068
1194	486	1	8750
1194	827	1	8751
1194	543	1	8752
1194	499	1	8753
1194	537	1	8754
1194	497	1	8755
1194	531	1	8756
1194	1129	1	8757
1194	613	1	8758
1194	7789	1	8759
1193	572	1	8760
1193	150	1	8761
1193	569	1	8762
1193	645	1	8763
1193	7789	1	8764
1193	567	1	8765
1174	571	1	8818
1174	648	1	8819
1174	218	1	8820
1174	150	1	8821
1174	569	1	8822
1174	478	1	8823
1174	656	1	8824
1174	7789	1	8825
1174	567	1	8826
1170	571	1	8838
1170	610	1	8839
1170	841	1	8840
1170	524	1	8841
1170	150	1	8842
1170	459	1	8843
1170	606	1	8844
1170	569	1	8845
1170	465	1	8846
1170	529	1	8847
1170	668	1	8848
1170	827	1	8849
1170	617	1	8850
1170	499	1	8851
1170	498	1	8852
1170	537	1	8853
1170	615	1	8854
1170	612	1	8855
1170	629	1	8856
1170	628	1	8857
1170	568	1	8858
1170	7789	1	8859
1169	572	1	8860
1169	631	1	8861
1169	150	1	8862
1169	441	1	8863
1169	569	1	8864
1169	703	1	8865
1169	653	1	8866
1169	465	1	8867
1169	668	1	8868
1169	568	1	8869
1169	7789	1	8870
945	571	1	8911
945	730	1	8912
945	459	1	8913
945	465	1	8914
1353	434	1	7076
1353	955	1	7077
1355	434	1	7078
1355	1356	1	7079
1370	434	1	7082
1370	1356	1	7083
1366	434	1	7084
1366	1356	1	7085
7763	648	3	7774
1368	434	1	7093
1368	1356	1	7094
1369	434	1	7095
1369	1356	1	7096
1411	1359	1	7107
1411	434	1	7108
1436	1360	1	7115
1436	434	1	7116
1447	1361	1	7121
1447	434	1	7122
7763	630	3	7775
849	220	1	10536
849	604	2	10537
849	524	1	10538
849	459	1	10539
849	606	2	10540
849	668	1	10541
849	443	1	10542
849	565	1	10543
849	626	1	10544
849	536	2	10545
849	541	1	10546
849	488	2	10547
1192	218	1	8766
1192	652	1	8767
1192	150	1	8768
1192	633	1	8769
1192	478	1	8770
1192	562	1	8771
1192	7789	1	8772
1192	567	1	8773
849	629	3	10548
849	464	1	10549
1186	556	1	8774
1186	150	1	8775
1186	459	1	8776
1186	4	1	8777
1186	562	1	8778
1186	657	1	8779
1186	7789	1	8780
1186	630	1	8781
1180	150	1	8782
1180	656	1	8783
1180	457	1	8784
1180	562	1	8785
1180	7789	1	8786
1180	630	1	8787
1180	567	1	8788
1178	617	1	8789
1178	607	1	8790
1178	459	1	8791
1178	667	1	8792
1178	703	1	8793
1178	629	1	8794
1178	656	1	8795
1178	7789	1	8796
1178	630	1	8797
849	610	1	10550
849	449	1	10551
849	465	1	10552
849	827	1	10553
849	617	1	10554
849	499	1	10555
849	564	1	10556
849	496	1	10557
849	498	1	10558
849	615	1	10559
849	613	1	10560
849	457	1	10561
\N	572	1	8882
\N	150	1	8883
\N	569	1	8884
\N	535	1	8885
\N	465	1	8886
\N	526	1	8887
1168	572	1	8871
1168	150	1	8872
1168	569	1	8873
1168	465	1	8874
1168	668	1	8875
1168	828	1	8876
1168	558	1	8877
1168	656	1	8878
1168	568	1	8879
1168	7789	1	8880
1168	630	1	8881
\N	218	1	8827
\N	652	1	8828
\N	631	1	8829
\N	150	1	8830
\N	465	1	8831
\N	478	1	8832
\N	668	1	8833
\N	443	1	8834
\N	562	1	8835
\N	7789	1	8836
\N	567	1	8837
\N	668	1	8888
\N	617	1	8889
\N	631	1	8890
\N	652	1	8891
\N	498	1	8892
\N	615	1	8893
\N	441	1	8894
952	572	1	8900
952	648	1	8901
952	459	1	8902
952	569	1	8903
952	633	1	8904
952	465	1	8905
952	668	1	8906
952	656	1	8907
952	568	1	8908
952	7789	1	8909
952	630	1	8910
\N	523	1	8895
\N	629	1	8896
\N	621	1	8897
\N	568	1	8898
926	571	1	8924
926	574	1	8925
926	652	1	8926
926	607	1	8927
926	643	1	8928
926	569	1	8929
926	465	1	8930
926	668	1	8931
843	729	1	7156
843	668	1	7157
843	475	1	7158
843	733	1	7159
843	656	1	7160
843	437	1	7161
843	631	3	7162
843	626	1	7163
843	541	1	7164
843	219	1	7165
843	464	1	7166
843	629	1	7167
843	523	1	7168
843	607	1	7169
843	610	1	7170
843	526	1	7171
843	465	1	7172
843	595	1	7173
843	617	1	7174
843	499	1	7175
843	726	1	7176
843	496	1	7177
843	497	1	7178
843	615	1	7179
843	457	1	7180
7778	632	3	7779
1163	572	1	7790
1163	652	1	7791
1163	631	1	7792
886	748	3	10562
945	668	1	8915
945	558	1	8916
945	756	1	8917
945	726	1	8918
945	700	1	8919
945	681	1	8920
945	759	1	8921
945	568	1	8922
945	7789	1	8923
886	607	1	10563
886	467	3	10564
886	711	1	10565
886	459	1	10566
886	713	1	10567
1163	459	1	7793
1163	569	1	7794
1163	668	1	7795
1163	568	1	7796
1163	7789	1	7797
886	668	1	10568
886	656	1	10569
886	562	1	10570
886	708	1	10571
9049	9046	3	9050
9051	631	3	9052
9051	650	3	9053
886	574	1	10572
886	617	3	10573
886	648	3	10574
886	667	1	10575
886	615	1	10576
886	441	1	10577
886	742	3	10578
886	629	3	10579
886	568	1	10580
886	7789	1	10581
\N	724	1	7868
\N	725	1	7869
\N	459	1	7870
\N	715	1	7871
\N	828	1	7872
\N	595	1	7873
\N	562	1	7874
\N	717	1	7875
\N	754	1	7876
\N	763	1	7877
\N	726	1	7878
\N	718	1	7879
\N	761	1	7880
\N	723	1	7881
\N	568	1	7882
\N	7789	1	7883
\N	719	1	7884
\N	762	1	7885
1216	436	1	9072
1216	704	1	9073
1155	459	1	7933
1155	535	1	7934
1155	526	1	7935
1155	595	1	7936
1155	562	1	7937
1155	528	1	7938
1155	499	1	7939
1155	726	1	7940
1155	553	1	7941
1155	498	1	7942
1155	629	1	7943
1155	568	1	7944
1155	7789	1	7945
1156	608	1	7946
1156	524	1	7947
1156	459	1	7948
1156	606	1	7949
1156	635	1	7950
1156	562	1	7951
1156	827	1	7952
1156	661	1	7953
1156	665	1	7954
1156	617	1	7955
1156	499	1	7956
1156	498	1	7957
1156	615	1	7958
1156	629	1	7959
1156	457	1	7960
1156	568	1	7961
1156	489	1	7962
1156	7789	1	7963
1157	652	1	7964
1157	631	1	7965
1157	150	1	7966
1157	668	1	7967
1157	443	1	7968
1157	562	1	7969
1157	7789	1	7970
1157	567	1	7971
1216	788	1	9074
926	629	1	8932
926	458	1	8933
926	568	1	8934
871	524	1	10582
871	220	2	10583
871	459	1	10584
871	576	3	10585
871	668	1	10586
871	828	1	10587
871	541	2	10588
871	565	2	10589
871	624	1	10590
871	536	2	10591
871	703	1	10592
871	488	3	10593
871	629	3	10594
871	841	3	10595
871	610	1	10596
871	608	3	10597
871	449	1	10598
871	529	2	10599
871	754	2	10600
871	562	1	10601
871	617	1	10602
871	496	2	10603
871	499	1	10604
871	757	1	10605
871	497	1	10606
871	564	2	10607
871	615	1	10608
871	582	1	10609
871	611	1	10610
871	657	1	10611
871	613	1	10612
871	457	1	10613
871	568	1	10614
871	7789	1	10615
871	760	3	10616
941	679	1	10617
941	610	1	10618
1202	437	1	2428
1202	750	1	2429
1202	790	1	2430
941	841	1	10619
1212	436	1	2437
1212	747	1	2438
1212	754	1	2439
1212	801	1	2440
941	524	1	10620
941	459	1	10621
941	465	1	10622
941	668	1	10623
941	443	1	10624
941	828	1	10625
939	724	1	7207
939	220	1	7208
939	668	1	7209
939	443	1	7210
939	715	1	7211
939	565	1	7212
939	703	1	7213
939	488	1	7214
939	464	1	7215
939	629	1	7216
939	622	1	7217
939	608	1	7218
939	725	1	7219
939	610	1	7220
939	526	1	7221
939	465	1	7222
939	529	1	7223
939	741	1	7224
939	499	1	7225
939	718	1	7226
939	496	1	7227
939	497	1	7228
939	615	1	7229
939	611	1	7230
939	458	1	7231
941	656	1	10626
941	499	1	10627
941	631	1	10628
941	496	1	10629
941	652	1	10630
941	615	1	10631
941	488	1	10632
941	464	1	10633
941	629	2	10634
941	613	1	10635
893	494	1	7350
893	607	1	7351
893	459	1	7352
893	449	1	7353
893	653	1	7354
893	526	1	7355
893	663	3	7356
893	475	1	7357
893	632	1	7358
893	617	1	7359
893	726	1	7360
893	624	1	7361
893	498	1	7362
893	667	1	7363
893	615	1	7364
893	219	1	7365
893	464	1	7366
893	523	1	7367
893	629	1	7368
893	630	1	7369
941	628	1	10636
941	614	1	10637
926	7789	1	8935
924	467	1	8936
924	607	1	8937
924	711	1	8938
924	713	1	8939
924	668	1	8940
924	656	1	8941
924	565	1	8942
924	708	1	8943
924	574	1	8944
924	667	1	8945
924	706	1	8946
924	568	1	8947
924	7789	1	8948
924	630	1	8949
911	710	1	8980
911	524	1	8981
911	459	1	8982
911	4	1	8983
\N	7789	1	8899
1167	572	1	10638
1167	150	1	10639
1167	569	1	10640
1167	535	1	10641
1167	465	1	10642
1167	526	1	10643
1167	668	1	10644
1167	617	1	10645
1167	652	2	10646
1167	631	1	10647
1167	498	1	10648
1167	615	1	10649
1167	441	1	10650
1167	523	1	10651
1167	629	1	10652
1167	621	1	10653
1167	568	1	10654
1167	7789	1	10655
898	680	1	2640
898	458	1	2641
916	494	1	7253
916	220	1	7254
916	605	1	7255
916	607	1	7256
916	449	1	7257
916	529	1	7258
916	668	1	7259
916	656	1	7260
916	617	1	7261
916	598	1	7262
916	565	1	7263
916	499	1	7264
916	498	1	7265
916	536	1	7266
916	616	1	7267
916	667	1	7268
916	615	1	7269
1159	524	1	7798
1159	668	1	7799
1159	443	1	7800
1159	565	1	7801
1159	756	1	7802
1159	553	1	7803
1159	616	1	7804
916	441	1	7270
916	488	1	7271
916	620	1	7272
916	464	1	7273
916	629	1	7274
916	613	1	7275
916	630	1	7276
1278	747	1	10656
1278	459	1	10657
1278	749	1	10658
1278	443	1	10659
1278	828	1	10660
1278	744	2	10661
1278	489	3	10662
1278	624	2	10663
1278	541	3	10664
1278	565	2	10665
1278	616	3	10666
1278	703	1	10667
1278	219	3	10668
1278	793	3	10669
1278	629	2	10670
1278	791	1	10671
1278	608	3	10672
1278	449	1	10673
1278	591	3	10674
1278	610	3	10675
1278	802	3	10676
1278	499	3	10677
1278	784	3	10678
1278	615	3	10679
1278	498	3	10680
1278	496	2	10681
1278	475	3	10682
1278	613	1	10683
1278	602	3	10684
1278	7789	1	10685
1171	631	2	10723
1171	218	1	10724
1171	652	2	10725
1171	150	1	10726
1171	465	1	10727
1171	668	1	10728
1171	443	1	10729
1171	562	1	10730
1171	7789	1	10731
1171	567	1	10732
914	571	1	10748
914	712	1	10749
914	828	2	10750
914	668	1	10751
914	565	1	10752
914	697	3	10753
914	629	1	10754
914	467	1	10755
914	607	1	10756
914	738	3	10757
914	711	1	10758
914	610	1	10759
914	569	1	10760
914	595	1	10761
914	617	1	10762
914	708	1	10763
914	687	1	10764
914	755	1	10765
914	741	2	10766
914	757	3	10767
914	615	1	10768
914	706	1	10769
914	613	1	10770
914	568	1	10771
914	7789	1	10772
\N	726	1	2785
\N	595	1	2786
\N	715	1	2787
\N	718	1	2788
\N	725	1	2789
\N	724	1	2790
\N	449	1	2791
902	858	1	7338
902	615	1	7339
902	459	1	7340
902	742	3	7341
902	465	1	7342
902	464	1	7343
902	716	3	7344
902	668	1	7345
902	750	3	7346
902	759	3	7347
902	629	1	7348
902	744	3	7349
1159	629	1	7805
1159	608	1	7806
1159	449	1	7807
1159	535	1	7808
1159	694	1	7809
1159	595	1	7810
1159	562	1	7811
1159	661	1	7812
1159	665	1	7813
1159	540	1	7814
1159	754	1	7815
1159	499	1	7816
1159	625	1	7817
1159	498	1	7818
1159	618	1	7819
1159	700	1	7820
1159	611	1	7821
1159	568	1	7822
1159	7789	1	7823
\N	679	1	7414
\N	610	1	7415
\N	841	1	7416
\N	524	1	7417
\N	459	1	7418
\N	465	1	7419
\N	668	1	7420
\N	443	1	7421
\N	828	1	7422
\N	656	1	7423
\N	499	1	7424
\N	496	1	7425
\N	631	1	7426
\N	652	1	7427
\N	615	1	7428
867	729	1	7392
867	608	1	7393
867	669	1	7394
867	449	1	7395
867	465	1	7396
867	526	1	7397
867	654	1	7398
867	668	1	7399
867	443	1	7400
867	636	1	7401
867	475	1	7402
867	632	1	7403
867	499	1	7404
867	727	1	7405
867	624	1	7406
867	498	1	7407
867	615	1	7408
867	541	1	7409
867	219	1	7410
867	464	1	7411
867	760	1	7412
867	457	1	7413
946	724	1	10686
946	220	1	10687
946	747	1	10688
946	524	1	10689
946	459	1	10690
946	668	1	10691
946	715	1	10692
946	717	1	10693
946	626	1	10694
946	536	1	10695
946	488	1	10696
946	464	1	10697
946	629	2	10698
946	523	1	10699
946	467	1	10700
946	607	1	10701
946	610	1	10702
946	449	1	10703
946	529	1	10704
946	827	1	10705
946	617	1	10706
946	499	1	10707
946	564	1	10708
946	496	1	10709
946	497	1	10710
946	615	1	10711
946	457	1	10712
946	613	1	10713
946	723	1	10714
1123	725	2	10773
1123	724	2	10774
1123	459	1	10775
1123	828	3	10776
1123	715	3	10777
1123	595	1	10778
1123	754	3	10779
929	653	1	3021
929	633	1	3022
929	630	1	3023
929	648	1	3024
929	841	1	3025
929	480	1	3026
929	218	1	3027
1123	562	1	10780
1123	726	3	10785
1123	723	1	10786
1123	568	1	10787
1123	762	2	10788
1123	7789	1	10789
1123	719	1	10790
1123	717	1	10781
1123	763	1	10782
1123	718	1	10783
1123	761	1	10784
1158	524	1	7824
1158	459	1	7825
1158	569	1	7826
1158	558	1	7827
1158	565	1	7828
1158	540	1	7829
1158	499	1	7830
1158	497	1	7831
\N	488	1	7429
\N	464	1	7430
\N	629	1	7431
\N	613	1	7432
\N	628	1	7433
\N	614	1	7434
1158	615	1	7832
1158	703	1	7833
1158	629	1	7834
1158	568	1	7835
1158	7789	1	7836
1190	652	3	10715
1190	218	1	10716
1190	150	1	10717
1190	478	3	10718
1190	633	3	10719
1190	562	1	10720
1190	7789	1	10721
1190	567	1	10722
935	437	1	3114
935	743	1	3115
935	742	1	3116
936	443	1	3117
936	703	1	3118
936	749	1	3119
936	793	1	3120
936	791	1	3121
938	703	1	3130
938	687	1	3131
938	738	1	3132
938	757	1	3133
938	449	1	3134
938	697	1	3135
938	755	1	3136
1154	729	1	7837
1154	524	1	7838
1154	459	1	7839
1154	590	1	7840
1154	475	1	7841
1154	785	1	7842
1154	753	1	7843
1154	565	1	7844
1154	626	1	7845
1154	758	1	7846
1154	727	1	7847
1154	541	1	7848
1154	219	1	7849
1154	1128	1	7850
1154	629	1	7851
1154	489	1	7852
1154	610	1	7853
1154	796	1	7854
1154	804	1	7855
1154	535	1	7856
1154	595	1	7857
1154	562	1	7858
1154	827	1	7859
1154	617	1	7860
1154	499	1	7861
1154	564	1	7862
1154	497	1	7863
1154	615	1	7864
1154	457	1	7865
1154	568	1	7866
1154	7789	1	7867
1150	572	1	7886
1150	569	1	7887
1150	694	1	7888
1150	828	1	7889
1150	443	1	7890
1150	595	1	7891
1150	758	1	7892
1150	763	1	7893
1150	631	1	7894
1150	652	1	7895
1150	761	1	7896
1150	7789	1	7897
1150	762	1	7898
1150	567	1	7899
1152	220	1	7900
1152	524	1	7901
1152	459	1	7902
1152	609	1	7903
1152	576	1	7904
1152	486	1	7905
1152	565	1	7906
1152	624	1	7907
1152	616	1	7908
1152	629	1	7909
1152	610	1	7910
1152	449	1	7911
1152	569	1	7912
1152	529	1	7913
1152	558	1	7914
1152	543	1	7915
1152	499	1	7916
1152	496	1	7917
1152	537	1	7918
1152	497	1	7919
1152	615	1	7920
1152	618	1	7921
1152	611	1	7922
915	710	1	8950
915	524	1	8951
915	459	1	8952
915	4	1	8953
915	635	1	8954
915	668	1	8955
915	579	1	8956
915	565	1	8957
915	574	1	8958
915	624	1	8959
915	629	1	8960
915	489	1	8961
915	572	1	8962
915	467	1	8963
915	608	1	8964
915	610	1	8965
915	669	1	8966
915	449	1	8967
845	220	1	7435
845	610	1	7436
845	669	1	7437
845	535	1	7438
845	465	1	7439
845	654	1	7440
845	668	1	7441
845	443	1	7442
845	636	1	7443
845	576	1	7444
845	632	1	7445
845	565	1	7446
845	626	1	7447
845	499	1	7448
845	498	1	7449
845	615	1	7450
845	488	1	7451
948	457	1	3280
948	687	1	3281
948	757	1	3282
948	697	1	3283
845	464	1	7452
845	457	1	7453
845	614	1	7454
912	725	2	10791
912	718	2	10792
912	726	2	10793
912	724	2	10794
912	449	1	10795
912	715	2	10796
912	595	1	10797
\N	679	1	10733
\N	465	2	10734
\N	828	3	10735
\N	668	1	10736
\N	755	3	10737
\N	562	1	10738
\N	567	3	10739
\N	652	3	10740
\N	631	3	10741
\N	761	3	10742
\N	703	1	10743
\N	758	3	10744
\N	640	1	10745
\N	457	1	10746
\N	7789	1	10747
865	679	1	7455
865	220	1	7456
865	608	1	7457
865	449	1	7458
865	535	1	7459
865	465	1	7460
865	526	1	7461
865	668	1	7462
865	499	1	7463
865	652	1	7464
865	624	1	7465
865	631	1	7466
865	498	1	7467
865	757	1	7468
865	488	1	7469
865	700	1	7470
865	464	1	7471
865	457	1	7472
1152	613	1	7923
1152	568	1	7924
1152	7789	1	7925
1153	727	1	7926
1153	756	1	7927
1153	828	1	7928
1153	595	1	7929
1153	562	1	7930
1153	568	1	7931
1153	7789	1	7932
1164	499	1	7972
1164	608	1	7973
1164	498	1	7974
1164	553	1	7975
1164	615	1	7976
1164	449	1	7977
1164	535	1	7978
1164	526	1	7979
1164	562	1	7980
1164	568	1	7981
1164	744	1	7982
1164	7789	1	7983
\N	218	1	8035
\N	652	1	8036
\N	150	1	8037
\N	633	1	8038
\N	478	1	8039
\N	562	1	8040
\N	7789	1	8041
856	220	1	10798
856	841	1	10799
856	524	1	10800
856	609	3	10801
856	459	1	10802
856	668	1	10803
856	443	1	10804
856	541	2	10805
856	652	1	10806
856	631	1	10807
856	616	1	10808
856	488	1	10809
856	612	1	10810
856	523	1	10811
856	572	1	10812
856	608	1	10813
856	535	2	10814
856	669	1	10815
856	610	1	10816
856	449	1	10817
856	569	1	10818
856	465	1	10819
856	636	1	10820
856	558	1	10821
915	713	1	8968
915	569	1	8969
915	837	1	8970
915	636	1	8971
915	617	1	8972
915	708	1	8973
915	499	1	8974
915	498	1	8975
856	499	1	10822
856	496	1	10823
856	498	1	10824
856	615	1	10825
856	628	1	10826
856	657	1	10827
856	613	1	10828
856	457	1	10829
856	568	2	10830
856	7789	1	10831
856	630	1	10832
1160	656	1	7991
1160	568	1	7992
1160	7789	1	7993
1160	661	1	7994
1160	572	1	7984
1160	726	1	7985
1160	459	1	7986
1160	569	1	7987
1160	668	1	7988
1160	595	1	7989
1160	558	1	7990
1162	556	1	8021
1162	524	1	8022
1162	459	1	8023
1162	529	1	8024
1162	562	1	8025
1162	565	1	8026
1162	617	1	8027
1162	499	1	8028
1162	537	1	8029
1162	497	1	8030
1162	615	1	8031
1162	629	1	8032
1162	568	1	8033
1162	7789	1	8034
922	631	3	10833
922	567	3	10834
922	652	3	10835
922	761	1	10836
922	758	3	10837
922	668	1	10838
922	753	3	10839
922	457	1	10840
922	562	1	10841
922	7789	1	10842
822	631	1	10891
822	802	3	10892
822	714	1	10893
822	656	1	10894
822	437	1	10895
1249	747	2	10896
1249	800	3	10897
1249	749	1	10898
1249	437	1	10899
1235	436	1	10900
1235	797	3	10901
1235	816	1	10902
852	220	1	7505
852	607	1	7506
852	459	1	7507
852	736	1	7508
852	595	1	7509
852	733	1	7510
852	656	1	7511
852	617	1	7512
852	648	1	7513
852	726	1	7514
852	441	1	7515
852	667	1	7516
852	615	1	7517
852	488	1	7518
852	703	1	7519
852	464	1	7520
852	629	1	7521
1161	556	1	7995
1161	608	1	7996
1161	459	1	7997
1161	535	1	7998
1161	526	1	7999
1161	529	1	8000
1161	562	1	8001
1161	565	1	8002
942	724	1	7591
942	725	1	7592
942	449	1	7593
942	716	1	7594
942	465	1	7595
942	668	1	7596
942	715	1	7597
1161	617	1	8003
1161	540	1	8004
1161	498	1	8005
1161	615	1	8006
1161	629	1	8007
1161	568	1	8008
1161	7789	1	8009
1166	499	1	8010
1166	498	1	8011
1166	524	1	8012
1166	535	1	8013
1166	4	1	8014
1166	714	1	8015
1166	1128	1	8016
1166	465	1	8017
1166	558	1	8018
1166	568	1	8019
1166	7789	1	8020
915	457	1	8976
915	613	1	8977
915	568	1	8978
915	7789	1	8979
\N	567	1	8042
\N	567	3	8130
\N	631	3	8131
863	679	1	10843
863	465	2	10844
863	828	3	10845
863	668	1	10846
863	562	3	10847
863	755	3	10848
863	567	3	10849
863	652	3	10850
863	631	3	10851
863	761	3	10852
863	703	1	10853
863	758	3	10854
863	640	1	10855
863	457	1	10856
863	7789	1	10857
10032	604	2	10858
10032	841	1	10859
10032	524	1	10860
10032	443	1	10861
10032	744	1	10862
10032	631	2	10863
10032	541	2	10864
10032	652	2	10865
10032	616	1	10866
10032	219	2	10867
10032	489	2	10868
10032	569	3	10869
10032	147	1	10870
10032	572	3	10871
10032	608	2	10872
10032	610	1	10873
911	635	1	8984
911	668	1	8985
911	579	1	8986
10032	535	3	10874
10032	465	1	10875
10032	558	1	10876
10032	499	1	10877
10032	496	1	10878
10032	564	1	10879
10032	498	1	10880
10032	475	2	10881
10032	757	2	10882
911	565	1	8987
911	574	1	8988
911	624	1	8989
911	629	1	8990
911	489	1	8991
911	572	1	8992
911	467	1	8993
911	608	1	8994
911	610	1	8995
911	669	1	8996
911	449	1	8997
911	713	1	8998
911	569	1	8999
911	837	1	9000
911	636	1	9001
10032	618	1	10883
10032	615	1	10884
10032	628	1	10885
911	617	1	9002
911	708	1	9003
911	499	1	9004
911	498	1	9005
911	457	1	9006
911	613	1	9007
911	568	1	9008
911	7789	1	9009
10032	458	1	10886
10032	613	1	10887
10032	568	2	10888
10032	627	1	10889
10032	7789	1	10890
1287	796	2	9437
1287	767	2	9438
1199	436	1	1490
1199	747	1	1491
1199	801	1	1492
1199	792	1	1493
1199	742	1	1494
1287	443	1	9439
1293	796	1	9445
1293	443	1	9446
923	724	1	7564
923	738	1	7565
923	747	1	7566
923	725	1	7567
923	669	1	7568
923	653	1	7569
923	465	1	7570
923	668	1	7571
923	715	1	7572
923	636	1	7573
923	632	1	7574
923	754	1	7575
923	756	1	7576
923	464	1	7577
\N	10913	3	10917
829	631	1	1554
829	493	1	1555
829	437	1	1556
829	827	1	1557
829	656	1	1558
1199	791	1	1559
1199	745	1	1560
1201	436	1	1561
1201	800	1	1562
1201	791	1	1563
1201	799	1	1564
1172	652	1	3940
1172	434	1	3941
1172	631	1	3942
1172	484	1	3943
1172	955	1	3944
1172	218	1	3945
949	648	1	7538
1183	614	1	3996
1183	662	1	3997
1183	615	1	3998
1183	498	1	3999
1183	499	1	4000
1183	443	1	4001
1183	648	1	4002
1183	526	1	4003
1183	629	1	4004
1183	537	1	4005
1183	668	1	4006
1183	617	1	4007
1189	632	1	4017
1189	662	1	4018
1189	653	1	4019
1189	498	1	4020
1189	499	1	4021
1189	526	1	4022
1189	437	1	4023
949	218	1	7539
949	633	1	7540
1148	443	1	4085
1148	703	1	4086
1151	704	1	4089
1151	437	1	4090
1165	572	1	9010
1165	220	1	9011
1165	610	1	9012
1165	524	1	9013
1165	449	1	9014
1165	569	1	9015
1165	609	1	9016
1165	529	1	9017
1165	594	1	9018
1165	565	1	9019
1165	598	1	9020
1165	543	1	9021
1165	624	1	9022
1165	497	1	9023
1165	537	1	9024
1165	612	1	9025
1165	620	1	9026
1165	523	1	9027
1165	568	1	9028
1165	7789	1	9029
884	572	1	9038
884	631	1	9039
884	652	1	9040
884	441	1	9041
884	569	1	9042
884	668	1	9043
884	567	1	9044
10924	7789	3	10925
10924	147	3	10926
10927	10913	3	10928
949	465	1	7541
949	478	1	7542
949	464	1	7543
884	7789	1	9045
5172	742	1	9440
5172	806	1	9441
5172	443	1	9442
1299	799	1	9494
1299	9485	2	9495
1299	800	2	9496
1299	770	1	9497
1299	793	2	9498
1299	457	1	9499
1299	819	2	9500
949	668	1	7544
949	656	1	7545
949	458	1	7546
949	630	1	7547
\N	631	1	9083
\N	802	3	9084
\N	714	1	9085
1211	436	1	9068
1211	797	1	9069
\N	656	1	9086
\N	437	1	9087
947	465	1	8079
947	668	1	8080
947	443	1	8081
947	562	1	8082
947	7789	1	8083
947	567	1	8084
6918	571	1	8085
6918	459	1	8086
6918	730	1	8087
6918	465	1	8088
6918	668	1	8089
6918	558	2	8090
6918	726	1	8091
6918	756	1	8092
6918	682	1	8093
6972	648	1	8069
6972	572	1	8070
6972	459	1	8071
6972	569	1	8072
6972	633	1	8073
6972	465	1	8074
6972	656	1	8075
6972	568	1	8076
6972	7789	1	8077
6972	630	1	8078
6918	699	1	8094
6918	568	1	8095
6599	841	1	6600
6599	746	1	6601
6599	465	1	6602
6599	828	1	6603
6599	741	1	6604
6599	595	1	6605
6599	753	1	6606
6599	727	1	6607
6599	763	1	6608
6599	631	1	6609
840	649	1	7548
840	524	1	7549
840	459	1	7550
840	465	1	7551
840	529	1	7552
840	668	1	7553
840	443	1	7554
840	656	1	7555
840	617	1	7556
840	499	1	7557
840	537	1	7558
840	498	1	7559
6599	652	1	6610
6599	761	1	6611
840	615	1	7560
840	488	1	7561
840	464	1	7562
840	629	1	7563
934	617	1	7635
934	218	1	7636
934	607	1	7637
6599	464	1	6612
6599	762	1	6613
934	667	1	7638
934	459	1	7639
934	465	1	7640
934	464	1	7641
934	668	1	7642
934	443	1	7643
934	629	1	7644
934	656	1	7645
934	630	1	7646
6918	759	1	8096
6918	7789	1	8097
943	556	1	8098
943	220	1	8099
943	608	1	8100
943	610	1	8101
943	535	1	8102
943	465	1	8103
943	526	1	8104
943	668	1	8105
943	573	1	8106
943	626	1	8107
943	499	1	8108
943	498	1	8109
943	615	1	8110
943	613	1	8111
943	614	1	8112
943	489	1	8113
943	7789	1	8114
910	675	1	8186
910	459	1	8187
910	569	1	8188
910	742	1	8189
910	465	1	8190
910	526	1	8191
910	750	1	8192
910	668	1	8193
910	645	1	8194
910	475	1	8195
910	744	1	8196
910	573	1	8197
910	758	1	8198
910	499	1	8199
910	755	1	8200
910	756	1	8201
910	631	1	8202
910	498	1	8203
910	703	1	8204
910	759	3	8205
910	629	1	8206
910	568	1	8207
910	7789	1	8208
931	497	1	9652
931	757	1	9653
931	488	1	9654
931	541	1	9655
931	219	1	9656
931	464	1	9657
931	458	1	9658
931	657	1	9659
923	760	1	7578
923	457	1	7579
\N	571	1	8161
\N	712	1	8162
\N	668	1	8163
\N	828	1	8164
\N	565	1	8165
\N	697	3	8166
\N	629	1	8167
\N	467	1	8168
\N	607	1	8169
\N	738	3	8170
\N	711	1	8171
\N	610	1	8172
\N	569	1	8173
\N	595	1	8174
\N	617	1	8175
\N	708	1	8176
\N	687	1	8177
\N	755	1	8178
\N	741	2	8179
\N	757	3	8180
\N	615	1	8181
\N	706	1	8182
950	841	1	7621
950	745	1	7622
950	465	1	7623
950	668	1	7624
950	828	1	7625
950	475	1	7626
950	753	1	7627
950	784	1	7628
950	631	1	7629
950	652	1	7630
950	536	1	7631
950	488	1	7632
950	219	1	7633
950	464	1	7634
919	727	1	7647
919	652	1	7648
919	631	1	7649
919	761	1	7650
919	746	1	7651
919	465	1	7652
919	464	1	7653
919	668	1	7654
919	741	1	7655
919	828	1	7656
919	595	1	7657
919	753	1	7658
\N	613	1	8183
\N	568	1	8184
\N	7789	1	8185
\N	652	1	8132
\N	761	1	8133
\N	758	3	8134
\N	668	1	8135
\N	753	3	8136
\N	457	1	8137
\N	562	1	8138
\N	7789	1	8139
944	617	1	7659
944	622	1	7660
944	607	1	7661
944	667	1	7662
944	449	1	7663
944	465	1	7664
944	464	1	7665
944	668	1	7666
944	443	1	7667
944	595	1	7668
917	657	3	8140
917	608	1	8141
917	622	1	8142
917	841	1	8143
917	524	1	8144
917	465	1	8145
917	668	1	8146
917	576	1	8147
917	562	1	8148
917	827	1	8149
917	618	3	8150
917	565	1	8151
917	665	1	8152
917	758	1	8153
917	499	1	8154
917	616	2	8155
917	498	1	8156
917	630	3	8157
917	458	1	8158
917	568	1	8159
917	7789	1	8160
1224	436	1	9088
1224	704	1	9089
1224	766	1	9090
1224	788	1	9091
1224	744	1	9092
942	595	1	7598
942	656	1	7599
942	756	1	7600
942	718	1	7601
942	464	1	7602
942	760	1	7603
942	457	1	7604
942	630	1	7605
\N	747	1	9661
\N	459	1	9662
905	220	1	7606
905	608	1	7607
905	710	1	7608
905	606	1	7609
905	465	1	7610
905	668	1	7611
905	486	1	7612
905	662	1	7613
905	565	1	7614
905	499	1	7615
905	498	1	7616
905	615	1	7617
905	707	1	7618
905	464	1	7619
905	614	1	7620
1149	703	3	9535
1149	443	1	9536
928	687	1	6673
928	755	1	6674
928	449	1	6675
928	703	1	6676
928	697	1	6677
931	760	1	9660
1240	808	1	9214
1240	443	1	9215
1240	806	1	9216
1242	785	1	9217
1242	793	1	9218
1242	437	1	9219
1243	768	2	9220
1243	437	1	9221
1243	790	1	9222
1260	807	1	9288
1260	769	1	9289
1260	806	1	9290
1260	437	1	9291
1294	436	1	9447
1294	745	1	9448
1294	807	1	9449
1294	806	1	9450
913	758	1	7669
913	436	1	7670
913	652	1	7671
913	631	1	7672
913	761	1	7673
913	650	1	7674
913	465	1	7675
913	464	1	7676
913	668	1	7677
927	218	1	7678
927	652	1	7679
927	631	1	7680
927	650	1	7681
927	633	1	7682
927	465	1	7683
927	478	1	7684
927	464	1	7685
927	668	1	7686
937	651	1	7696
937	758	1	7697
937	755	1	7698
937	841	1	7699
937	465	1	7700
937	464	1	7701
937	668	1	7702
\N	747	2	9244
\N	800	2	9245
\N	749	1	9246
\N	437	1	9247
860	524	1	8239
860	459	1	8240
860	668	1	8241
860	475	1	8242
860	656	1	8243
860	573	1	8244
860	565	1	8245
860	626	1	8246
860	541	1	8247
860	219	1	8248
860	629	1	8249
860	489	1	8250
860	608	1	8251
860	569	1	8252
860	535	1	8253
860	465	1	8254
860	558	1	8255
860	617	1	8256
860	499	1	8257
6636	724	1	6637
6636	738	1	6638
6636	725	1	6639
6636	747	1	6640
6636	465	1	6641
6636	653	1	6642
6636	636	1	6643
6636	715	1	6644
6636	632	1	6645
6636	754	1	6646
6636	756	1	6647
6636	464	1	6648
860	496	1	8258
860	498	1	8259
860	615	1	8260
860	613	1	8261
860	457	1	8262
860	568	1	8263
860	7789	1	8264
1227	436	1	9098
1227	793	2	9099
6636	760	1	6649
6636	457	1	6650
1231	436	1	9150
1231	802	1	9151
1231	545	2	9152
1231	797	2	9153
1236	802	1	9211
1236	793	2	9212
1236	437	1	9213
1274	799	2	9315
1274	747	1	9316
1274	797	2	9317
1274	443	1	9318
1297	794	1	9455
1297	750	1	9456
1297	443	1	9457
925	648	1	7687
925	218	1	7688
925	633	1	7689
925	465	1	7690
925	478	1	7691
925	464	1	7692
925	668	1	7693
925	656	1	7694
925	630	1	7695
859	556	1	8265
859	858	1	8266
859	459	1	8267
859	465	1	8268
859	526	1	8269
859	668	1	8270
859	750	3	8271
859	562	1	8272
859	744	1	8273
859	484	1	8274
859	499	1	8275
859	652	1	8276
859	631	1	8277
859	498	1	8278
859	758	2	8279
859	742	3	8280
859	434	1	8281
859	629	1	8282
859	759	2	8283
859	657	1	8284
859	568	1	8285
859	7789	1	8286
\N	749	1	9663
\N	443	1	9664
\N	828	1	9665
\N	489	3	9666
\N	624	2	9667
\N	541	3	9668
\N	565	2	9669
\N	616	3	9670
\N	703	1	9671
\N	793	3	9672
1209	794	1	4929
1209	436	1	4930
1209	747	1	4931
1209	802	1	4932
1213	436	1	4935
1213	802	1	4936
1213	749	1	4937
1219	436	1	4946
1219	796	1	4947
1219	745	1	4948
1219	749	1	4949
1219	793	1	4950
857	572	1	8287
857	610	1	8288
857	569	1	8289
857	465	1	8290
857	668	1	8291
857	828	1	8292
857	576	1	8293
\N	220	1	8349
\N	841	1	8350
\N	524	1	8351
\N	459	1	8352
\N	609	1	8353
\N	668	1	8354
\N	443	1	8355
\N	652	1	8356
\N	631	1	8357
\N	616	1	8358
\N	488	1	8359
\N	541	1	8360
\N	612	1	8361
\N	523	1	8362
\N	572	1	8363
\N	608	1	8364
\N	669	1	8365
\N	610	1	8366
\N	449	1	8367
\N	535	1	8368
\N	569	1	8369
\N	465	1	8370
930	499	1	6678
930	738	1	6679
930	652	1	6680
930	496	1	6681
930	631	1	6682
930	524	1	6683
930	488	1	6684
930	541	1	6685
930	443	1	6686
930	741	1	6687
930	458	1	6688
930	827	1	6689
857	475	1	8294
857	744	1	8295
857	452	1	8296
857	617	1	8297
857	626	1	8298
857	499	1	8299
857	727	1	8300
857	625	1	8301
857	497	1	8302
857	615	1	8303
857	219	1	8304
857	614	1	8305
857	568	1	8306
857	489	1	8307
857	7789	1	8308
857	630	1	8309
891	571	1	8333
891	467	2	8334
891	607	3	8335
891	710	1	8336
891	459	1	8337
891	713	1	8338
891	449	1	8339
891	569	1	8340
891	668	1	8341
891	708	1	8342
891	617	1	8343
891	574	1	8344
891	629	1	8345
891	568	1	8346
891	7789	1	8347
891	630	1	8348
1230	808	1	9128
1230	436	1	9129
1207	436	1	9130
1207	793	1	9131
1223	794	1	9132
1223	436	2	9133
1223	802	3	9134
1223	745	1	9135
1223	750	1	9136
1220	794	2	9137
1220	436	1	9138
1263	441	1	9300
1263	770	1	9301
1263	797	1	9302
1248	808	2	9292
1248	773	3	9293
1248	806	2	9294
1248	769	1	9295
1248	766	1	9296
1248	566	2	9297
1248	787	2	9298
1248	437	1	9299
1261	802	1	5074
1261	749	1	5075
1261	437	1	5076
1263	788	1	9303
1263	819	1	9304
1263	744	1	9305
1220	750	1	9139
1283	796	1	5156
1283	767	1	5157
1283	443	1	5158
1283	793	1	5159
1113	704	1	7742
1113	437	1	7743
1120	703	3	7744
1120	443	1	7745
878	220	1	8310
878	622	1	8311
878	607	1	8312
878	712	1	8313
878	610	1	8314
878	841	1	8315
878	449	1	8316
878	609	1	8317
878	465	1	8318
878	668	1	8319
878	562	1	8320
878	573	1	8321
878	617	1	8322
878	624	1	8323
878	496	1	8324
878	498	1	8325
878	706	1	8326
878	488	1	8327
878	703	1	8328
878	523	1	8329
878	629	1	8330
878	568	1	8331
878	7789	1	8332
889	571	1	8400
889	605	1	8401
889	608	1	8402
889	841	1	8403
889	459	1	8404
889	569	1	8405
889	465	1	8406
889	526	1	8407
889	668	1	8408
889	576	1	8409
889	475	1	8410
889	827	1	8411
889	565	1	8412
889	758	1	8413
889	499	1	8414
889	624	1	8415
889	497	1	8416
889	616	1	8417
889	615	1	8418
889	219	1	8419
889	629	1	8420
889	457	1	8421
889	7789	1	8422
889	567	1	8423
855	729	1	8424
855	572	1	8425
855	596	1	8426
855	449	1	8427
855	569	1	8428
855	465	1	8429
855	736	1	8430
855	668	1	8431
855	734	1	8432
855	595	1	8433
855	733	1	8434
855	758	1	8435
855	726	1	8436
855	728	1	8437
855	568	1	8438
855	7789	1	8439
877	571	1	8476
877	220	1	8477
877	524	1	8478
877	668	1	8479
877	744	3	8480
877	753	3	8481
877	616	3	8482
877	448	1	8483
\N	636	1	8371
\N	558	1	8372
\N	499	1	8373
\N	496	1	8374
\N	498	1	8375
\N	615	1	8376
\N	628	1	8377
\N	657	1	8378
\N	613	1	8379
\N	457	1	8380
\N	568	1	8381
\N	7789	1	8382
\N	630	1	8383
879	607	1	8384
879	459	1	8385
879	449	1	8386
879	465	1	8387
879	668	1	8388
879	656	1	8389
879	562	1	8390
879	573	1	8391
879	617	1	8392
879	648	1	8393
879	574	1	8394
879	615	1	8395
879	667	1	8396
879	629	1	8397
879	568	1	8398
879	7789	1	8399
6746	617	1	6747
6746	218	1	6748
6746	607	1	6749
6746	667	1	6750
6746	459	1	6751
6746	465	1	6752
6746	668	1	6753
6746	464	1	6754
6746	443	1	6755
6746	656	1	6756
6746	629	1	6757
6746	630	1	6758
6759	742	1	6760
6759	743	1	6761
6759	437	1	6762
\N	748	3	8502
\N	607	1	8503
\N	467	3	8504
\N	711	1	8505
\N	459	1	8506
\N	713	1	8507
\N	668	1	8508
\N	656	1	8509
\N	562	1	8510
\N	708	1	8511
\N	574	1	8512
\N	617	3	8513
\N	648	3	8514
\N	667	1	8515
\N	615	1	8516
\N	441	1	8517
\N	742	3	8518
877	488	1	8484
877	758	3	8485
877	621	1	8486
877	494	1	8487
877	608	1	8488
877	605	3	8489
877	569	1	8490
877	663	1	8491
877	827	1	8492
877	598	3	8493
877	499	1	8494
877	757	1	8495
877	498	1	8496
877	441	1	8497
877	689	1	8498
877	657	1	8499
877	7789	1	8500
877	630	1	8501
\N	629	3	8519
\N	568	1	8520
\N	7789	1	8521
\N	436	1	9205
\N	797	2	9206
\N	816	1	9207
1233	608	1	9181
874	605	1	8522
874	608	1	8523
874	607	1	8524
874	591	1	8525
874	669	1	8526
874	459	1	8527
874	449	1	8528
874	654	1	8529
6763	749	1	6764
6763	704	1	6765
6763	792	1	6766
6763	443	1	6767
6763	791	1	6768
874	668	1	8530
874	636	1	8531
874	475	1	8532
874	562	1	8533
874	632	1	8534
874	617	1	8535
874	574	1	8536
874	626	1	8537
874	616	1	8538
874	541	1	8539
820	494	1	5429
820	652	1	5430
820	631	1	5431
820	663	1	5432
820	664	1	5433
820	437	1	5434
1233	798	2	9182
839	499	1	5601
839	608	1	5602
839	496	1	5603
839	564	1	5604
839	524	1	5605
839	582	1	5606
839	457	1	5607
839	827	1	5608
874	219	1	8540
874	629	1	8541
874	457	1	8542
874	568	1	8543
874	7789	1	8544
1233	607	1	9183
1233	449	1	9184
1233	459	1	9185
1233	465	1	9186
1233	443	1	9187
1233	785	1	9188
1233	784	1	9189
1233	617	1	9190
1233	541	2	9191
1233	624	1	9192
1233	498	1	9193
1233	475	2	9194
1233	616	1	9195
1233	615	1	9196
1233	667	1	9197
1233	703	1	9198
1233	704	1	9199
1233	464	1	9200
1233	219	2	9201
1233	629	1	9202
1233	523	1	9203
1233	613	1	9204
1245	798	2	9223
1245	437	1	9224
1256	747	2	9283
1256	799	1	9284
823	494	1	5470
823	493	1	5471
823	528	1	5472
823	631	1	5473
823	656	1	5474
823	437	1	5475
825	725	3	5481
825	724	3	5482
825	723	3	5483
825	219	1	5484
825	475	1	5485
825	714	3	5486
825	437	1	5487
1250	746	1	9253
1250	801	1	9254
1250	749	1	9255
1250	437	1	9256
830	632	1	5495
830	499	1	5496
830	496	1	5497
830	669	1	5498
830	653	1	5499
830	636	1	5500
830	437	1	5501
832	494	1	5517
832	220	1	5518
832	543	1	5519
832	497	1	5520
832	703	1	5521
832	529	1	5522
832	443	1	5523
832	523	1	5524
832	486	1	5525
1253	794	2	9262
1253	749	1	9263
1253	437	1	9264
1255	808	1	9272
1255	754	1	9273
1255	799	1	9274
1255	805	1	9275
1255	769	1	9276
1255	787	1	9277
1255	437	1	9278
1256	745	1	9285
1256	801	2	9286
1256	437	1	9287
836	740	1	5594
836	443	1	5595
838	701	1	5596
838	738	1	5597
838	681	1	5598
838	443	1	5599
838	630	1	5600
847	610	1	5626
847	841	1	5627
847	612	1	5628
847	529	1	5629
847	611	1	5630
847	613	1	5631
\N	679	1	8601
\N	465	1	8602
\N	828	3	8603
\N	668	1	8604
842	679	1	5632
842	738	1	5633
842	700	1	5634
842	457	1	5635
\N	755	3	8605
\N	562	1	8606
\N	567	3	8607
\N	761	3	8608
\N	631	1	8609
\N	652	1	8610
\N	703	1	8611
\N	758	3	8612
\N	640	1	8613
\N	457	1	8614
\N	7789	1	8615
833	220	1	8688
833	607	1	8689
833	465	1	8690
833	529	1	8691
833	668	1	8692
833	443	1	8693
833	486	1	8694
833	656	1	8695
833	562	1	8696
833	827	1	8697
833	543	1	8698
833	758	1	8699
833	652	1	8700
848	220	1	5649
848	543	1	5650
848	498	1	5651
848	448	1	5652
848	672	1	5653
848	523	1	5654
869	572	1	8580
869	220	1	8581
869	608	1	8582
869	524	1	8583
869	449	1	8584
869	569	1	8585
869	465	1	8586
869	668	1	8587
869	828	1	8588
869	558	1	8589
869	656	1	8590
869	499	1	8591
869	624	1	8592
869	498	1	8593
6777	685	1	6778
6777	755	1	6779
6777	738	1	6780
6777	757	1	6781
6777	703	1	6782
6777	698	1	6783
869	757	1	8594
869	615	1	8595
869	488	1	8596
869	703	1	8597
869	457	1	8598
869	568	1	8599
869	7789	1	8600
846	499	1	8630
846	496	1	8631
846	841	1	8632
846	524	1	8633
846	488	1	8634
846	465	1	8635
844	220	1	8616
844	607	1	8617
844	465	1	8618
844	668	1	8619
844	562	1	8620
844	827	1	8621
844	617	1	8622
844	626	1	8623
844	574	1	8624
844	615	1	8625
844	488	1	8626
844	457	1	8627
844	568	1	8628
844	7789	1	8629
846	668	1	8636
846	656	1	8637
846	562	1	8638
846	7789	1	8639
846	567	1	8640
846	630	1	8641
833	631	1	8701
833	441	1	8702
833	621	1	8703
833	568	1	8704
833	7789	1	8705
833	630	1	8706
1263	437	1	9306
850	679	1	5801
850	220	1	5802
850	499	1	5803
850	496	1	5804
850	703	1	5805
850	700	1	5806
850	443	1	5807
850	741	1	5808
850	457	1	5809
862	754	1	5810
862	741	1	5811
862	690	1	5812
862	457	1	5813
862	827	1	5814
835	610	1	8642
835	591	1	8643
835	590	1	8644
835	714	1	8645
835	465	1	8646
835	668	1	8647
835	443	1	8648
835	475	1	8649
835	656	1	8650
835	562	1	8651
835	565	1	8652
835	598	1	8653
835	626	1	8654
835	564	1	8655
835	615	1	8656
1265	802	2	9311
1265	437	1	9312
834	571	1	8663
834	220	1	8664
834	524	1	8665
834	459	1	8666
834	668	1	8667
834	448	1	8668
834	488	3	8669
834	629	1	8670
834	610	1	8671
834	608	3	8672
834	569	1	8673
834	465	1	8674
834	529	1	8675
834	623	3	8676
834	827	1	8677
834	618	3	8678
834	499	1	8679
834	498	1	8680
834	615	1	8681
834	757	3	8682
834	611	1	8683
887	726	1	6072
887	441	1	6073
887	736	1	6074
887	734	1	6075
887	595	1	6076
887	733	1	6077
887	728	1	6078
6940	685	1	6941
6940	757	1	6942
6940	457	1	6943
6940	698	1	6944
6956	841	1	6957
6956	745	1	6958
6956	465	1	6959
6956	668	1	6960
6956	828	1	6961
6956	475	1	6962
6956	753	1	6963
6956	784	1	6964
6956	758	1	6965
6956	631	1	6966
6956	652	1	6967
6956	536	1	6968
6956	488	1	6969
6956	219	1	6970
6956	464	1	6971
834	657	1	8684
834	613	1	8685
834	568	1	8686
834	7789	1	8687
1269	798	2	9313
1269	437	1	9314
835	219	1	8657
835	629	1	8658
835	457	1	8659
835	568	1	8660
835	7789	1	8661
835	630	1	8662
\N	219	3	9673
\N	629	2	9674
\N	791	1	9675
\N	608	3	9676
\N	449	1	9677
821	220	1	8707
821	524	1	8708
821	459	1	8709
821	668	1	8710
821	664	1	8711
821	486	1	8712
821	744	1	8713
821	437	1	8714
821	631	3	8715
821	574	1	8716
821	624	1	8717
821	629	1	8718
821	523	1	8719
821	697	1	8720
821	494	1	8721
821	607	1	8722
821	675	1	8723
821	449	1	8724
821	465	1	8725
821	653	1	8726
821	526	1	8727
821	663	1	8728
821	562	1	8729
821	617	1	8730
821	499	1	8731
821	498	1	8732
821	497	1	8733
821	615	1	8734
821	568	1	8735
821	7789	1	8736
1304	459	1	9520
1304	796	1	9521
1304	792	1	9522
1304	744	1	9523
1276	436	1	9330
1276	754	1	9331
1276	800	1	9332
1276	785	1	9333
1276	789	2	9334
6984	436	1	6985
6984	747	1	6986
6984	745	1	6987
6984	801	1	6988
6984	742	1	6989
6984	792	1	6990
6984	791	1	6991
1301	770	2	9513
1301	796	1	9514
1301	449	1	9515
1301	443	1	9516
1301	819	1	9517
1301	788	2	9518
1301	437	1	9519
1111	704	3	9529
1111	437	1	9530
1279	747	1	9394
1279	443	1	9395
1279	800	1	9396
1299	785	2	9501
1300	747	2	9502
1300	799	1	9503
1300	800	2	9504
1300	457	1	9505
1119	703	3	9533
1119	443	1	9534
900	632	1	6344
900	624	1	6345
900	654	1	6346
900	741	1	6347
900	458	1	6348
6349	679	1	6350
6349	458	1	6351
\N	220	1	9555
\N	604	2	9556
\N	524	1	9557
\N	459	1	9558
\N	606	2	9559
\N	668	1	9560
\N	443	1	9561
\N	565	1	9562
\N	626	1	9563
\N	536	2	9564
\N	541	1	9565
\N	488	2	9566
\N	464	1	9567
\N	629	2	9568
\N	610	1	9569
\N	449	1	9570
\N	465	1	9571
\N	827	1	9572
\N	617	1	9573
\N	499	1	9574
\N	564	1	9575
\N	496	1	9576
\N	498	1	9577
\N	615	1	9578
\N	613	1	9579
\N	457	1	9580
1280	796	1	9397
1280	443	1	9398
1118	703	3	9531
1118	443	1	9532
931	604	2	9638
931	524	1	9639
931	465	1	9640
931	668	1	9641
931	715	1	9642
931	733	1	9643
931	475	1	9644
931	827	1	9645
931	784	1	9646
931	754	1	9647
931	727	1	9648
931	499	1	9649
931	756	1	9650
931	448	1	9651
\N	591	3	9678
\N	610	3	9679
\N	802	3	9680
\N	499	3	9681
\N	784	3	9682
\N	615	3	9683
\N	496	2	9684
\N	498	3	9685
\N	475	3	9686
\N	613	1	9687
\N	602	3	9688
\N	7789	1	9689
1281	754	1	9428
1281	802	1	9429
1281	749	1	9430
1281	443	1	9431
1282	747	1	9432
1282	443	1	9433
851	736	2	9601
851	465	1	9602
851	734	2	9603
851	668	1	9604
851	754	2	9605
851	486	1	9606
851	595	1	9607
851	733	1	9608
851	827	1	9609
851	543	2	9610
851	436	1	9611
851	623	1	9612
851	499	1	9613
851	726	1	9614
851	496	1	9615
851	448	1	9616
873	604	1	9581
873	729	1	9582
873	220	1	9583
873	747	2	9584
873	524	1	9585
873	465	1	9586
873	668	1	9587
873	733	2	9588
873	726	2	9589
873	499	1	9590
873	496	1	9591
873	488	1	9592
873	464	1	9593
873	760	2	9594
873	457	1	9595
873	688	2	9596
851	604	1	9597
851	220	1	9598
851	747	2	9599
851	524	1	9600
851	464	1	9617
851	728	1	9618
854	604	1	9619
854	608	1	9620
854	524	1	9621
854	449	1	9622
854	465	1	9623
854	668	1	9624
854	744	3	9625
854	475	1	9626
854	541	2	9627
854	499	1	9628
854	624	1	9629
854	498	1	9630
854	615	1	9631
854	441	1	9632
854	488	1	9633
854	219	1	9634
854	464	1	9635
854	621	3	9636
854	657	1	9637
\N	524	1	9690
\N	220	2	9691
\N	459	1	9692
\N	576	3	9693
\N	668	1	9694
\N	828	1	9695
\N	541	2	9696
\N	565	2	9697
\N	624	1	9698
\N	536	2	9699
\N	703	1	9700
\N	488	3	9701
\N	841	3	9702
\N	629	1	9703
\N	610	1	9704
\N	608	3	9705
\N	449	1	9706
\N	529	2	9707
\N	754	2	9708
\N	562	1	9709
\N	617	1	9710
\N	496	2	9711
\N	499	1	9712
\N	564	2	9713
\N	757	1	9714
\N	497	1	9715
\N	615	1	9716
\N	582	1	9717
\N	611	1	9718
\N	657	1	9719
\N	613	1	9720
\N	457	1	9721
\N	568	1	9722
\N	7789	1	9723
\N	760	3	9724
1309	449	1	9791
1309	745	1	9792
1309	800	1	9793
1309	791	1	9794
1228	799	1	9765
1228	436	1	9766
1228	747	1	9767
1228	801	1	9768
1228	792	2	9769
1228	782	1	9770
1228	790	2	9771
1228	437	1	9772
1305	799	1	9781
1305	449	1	9782
1305	800	1	9783
1307	776	1	9784
1307	449	1	9785
1307	800	1	9786
1308	799	1	9787
1308	747	1	9788
1308	449	1	9789
1308	800	1	9790
1285	742	1	9824
1285	792	1	9825
1285	9823	2	9826
1285	443	1	9827
1313	796	1	9831
1313	449	1	9832
1313	767	1	9833
10040	571	1	10041
10040	841	1	10042
10040	524	1	10043
10040	590	1	10044
10040	668	1	10045
10040	443	1	10046
10040	475	1	10047
10040	744	1	10048
10040	565	1	10049
10040	626	1	10050
10040	436	1	10051
10040	616	1	10052
10040	541	1	10053
1328	746	1	9910
1328	796	1	9911
1328	459	1	9912
6651	467	1	10017
6651	607	1	10018
6651	711	1	10019
6651	713	1	10020
6651	668	1	10021
6651	656	1	10022
6651	708	1	10023
6651	565	1	10024
6651	574	1	10025
6651	441	1	10026
6651	667	1	10027
6651	706	1	10028
6651	568	1	10029
6651	7789	1	10030
6651	630	1	10031
10074	841	1	10075
10074	524	1	10076
10074	668	1	10077
10074	475	1	10078
10074	744	1	10079
10074	626	1	10080
10074	616	1	10081
10074	703	1	10082
10074	541	1	10083
10074	219	1	10084
10074	523	1	10085
10074	489	1	10086
10074	147	1	10087
10074	608	1	10088
10074	610	1	10089
10074	465	1	10090
10074	526	1	10091
10074	562	1	10092
10074	827	1	10093
10074	617	1	10094
10074	499	1	10095
10074	757	1	10096
10074	498	1	10097
10074	618	1	10098
10074	615	1	10099
10074	457	1	10100
10074	628	1	10101
10074	568	1	10102
1314	747	1	10181
1314	449	1	10182
1314	801	1	10183
1289	808	1	10192
1289	443	1	10193
1289	806	1	10194
10040	219	1	10054
10040	585	1	10055
10040	489	1	10056
10040	622	1	10057
10040	147	1	10058
10040	608	1	10059
10040	610	1	10060
10040	569	1	10061
10040	465	1	10062
10040	617	1	10063
10040	499	1	10064
10040	496	1	10065
10040	564	1	10066
10040	497	1	10067
10040	498	1	10068
10040	618	1	10069
10040	615	1	10070
10040	628	1	10071
10040	457	1	10072
10040	568	1	10073
10103	604	1	10104
10103	459	1	10105
10103	668	1	10106
10103	443	1	10107
10103	599	1	10108
10103	488	1	10109
10103	703	1	10110
10103	464	1	10111
10103	614	1	10112
10103	621	1	10113
10103	658	1	10114
10103	608	1	10115
10103	622	1	10116
10103	745	1	10117
10103	529	1	10118
10103	827	1	10119
10103	617	1	10120
10103	543	1	10121
10103	499	1	10122
10103	496	1	10123
10103	757	1	10124
10103	441	1	10125
10103	618	1	10126
10103	613	1	10127
10103	628	1	10128
10103	588	1	10129
10103	220	1	10130
10103	776	1	10131
10103	841	1	10132
10103	524	1	10133
10103	803	1	10134
10103	486	1	10135
10103	818	1	10136
10103	565	1	10137
10103	493	1	10138
10103	626	1	10139
10103	616	1	10140
10103	612	1	10141
10103	523	1	10142
10103	629	1	10143
10103	607	1	10144
10103	610	1	10145
10103	465	1	10146
10103	564	1	10147
10103	537	1	10148
10103	497	1	10149
10103	615	1	10150
10103	611	1	10151
10103	457	1	10152
824	499	1	10153
824	496	1	10154
824	631	1	10155
824	656	1	10156
824	437	1	10157
\N	604	2	10211
\N	841	1	10212
\N	524	1	10213
\N	443	1	10214
\N	744	1	10215
1312	556	1	10174
1312	147	1	10175
1312	449	1	10176
1312	803	1	10177
1312	465	1	10178
1312	568	1	10179
1312	573	1	10180
1272	792	2	10184
1272	749	1	10185
1272	443	1	10186
1275	789	1	10187
1275	799	1	10188
1275	747	1	10189
1275	800	2	10190
1275	443	1	10191
954	220	1	10245
954	608	2	10246
954	610	1	10247
954	841	1	10248
954	524	1	10249
954	459	1	10250
954	465	1	10251
954	529	1	10252
954	668	1	10253
954	499	1	10254
954	537	1	10255
954	498	1	10256
954	757	2	10257
954	615	1	10258
954	703	1	10259
954	488	1	10260
954	464	1	10261
954	629	1	10262
954	628	1	10263
\N	631	2	10216
\N	541	2	10217
\N	652	2	10218
\N	616	1	10219
1318	747	1	10264
1318	802	1	10265
1318	801	1	10266
1318	457	1	10267
1322	796	1	10268
1322	459	1	10269
1298	9485	2	10270
1298	747	1	10271
1298	746	1	10272
1298	459	1	10273
1298	745	1	10274
1298	796	2	10275
1298	769	2	10276
1298	807	2	10277
1298	806	1	10278
1298	754	2	10279
1327	796	1	10280
1327	459	1	10281
1330	796	1	10282
1330	459	1	10283
\N	219	2	10220
\N	489	2	10221
\N	572	1	10222
\N	147	1	10223
\N	608	2	10224
\N	610	1	10225
1342	787	1	10333
1342	790	1	10334
1342	437	1	10335
\N	535	3	10226
\N	569	1	10227
\N	465	1	10228
\N	558	1	10229
\N	499	1	10230
\N	496	1	10231
1331	799	1	10290
1331	459	1	10291
1331	807	1	10292
1331	744	1	10293
1333	436	1	10294
1333	449	1	10295
1333	800	1	10296
1333	785	1	10297
\N	564	1	10232
\N	498	1	10233
\N	475	2	10234
\N	757	2	10235
1343	436	1	10336
\N	618	1	10236
\N	615	1	10237
\N	628	1	10238
\N	458	1	10239
1335	436	1	10302
1335	449	1	10303
1335	804	1	10304
1335	443	1	10305
\N	613	1	10240
\N	568	1	10241
\N	627	1	10242
\N	7789	1	10243
1336	436	1	10313
1336	799	2	10314
1336	704	1	10315
1336	443	1	10316
1336	800	1	10317
1336	785	1	10318
1336	437	1	10319
1336	790	1	10320
1343	443	1	10337
1343	785	1	10338
1344	443	1	10339
1344	785	1	10340
1344	437	1	10341
1339	436	1	10326
1339	785	1	10327
1339	437	1	10328
1341	808	1	10329
1341	805	1	10330
1341	787	2	10331
1341	437	1	10332
1346	9485	1	10362
1346	436	1	10363
1346	804	1	10364
1346	443	1	10365
881	608	1	10367
881	841	1	10368
881	610	2	10369
881	524	1	10370
881	459	1	10371
1346	437	1	10366
881	606	1	10372
881	465	1	10373
881	668	1	10374
881	565	1	10375
881	617	1	10376
881	499	1	10377
881	536	3	10378
881	496	1	10379
881	498	1	10380
881	757	3	10381
881	615	1	10382
881	541	1	10383
881	488	2	10384
881	464	1	10385
881	585	2	10386
881	629	1	10387
853	220	1	10388
853	524	1	10389
853	459	1	10390
853	609	1	10391
853	668	1	10392
853	656	1	10393
853	744	1	10394
853	574	1	10395
853	448	1	10396
853	616	1	10397
853	488	1	10398
853	541	1	10399
853	523	1	10400
853	629	1	10401
853	621	1	10402
853	608	1	10403
853	467	1	10404
853	607	1	10405
853	535	2	10406
853	711	1	10407
853	610	1	10408
853	713	1	10409
853	562	1	10410
853	708	1	10411
853	617	1	10412
853	499	1	10413
853	623	1	10414
853	496	1	10415
853	498	1	10416
853	615	1	10417
853	441	1	10418
853	667	1	10419
853	613	1	10420
853	568	1	10421
853	7789	1	10422
853	630	1	10423
901	220	1	10424
901	622	1	10425
901	608	3	10426
901	524	1	10427
901	529	1	10428
901	656	1	10429
901	827	1	10430
901	565	1	10431
901	499	1	10432
901	537	2	10433
901	496	1	10434
901	703	2	10435
901	498	1	10436
901	757	2	10437
901	488	1	10438
901	464	1	10439
901	613	1	10440
901	457	1	10441
901	630	1	10442
831	608	3	10443
831	449	1	10444
831	465	1	10445
831	668	1	10446
831	443	1	10447
831	656	1	10448
831	499	1	10449
831	624	1	10450
831	631	1	10451
831	498	1	10452
831	757	3	10453
831	615	1	10454
831	488	1	10455
831	464	1	10456
907	220	1	10457
907	524	1	10458
907	571	3	10459
907	459	1	10460
907	742	1	10461
907	828	3	10462
907	668	1	10463
907	443	1	10464
907	565	1	10465
907	631	3	10466
907	652	1	10467
907	629	1	10468
907	759	1	10469
907	679	1	10470
907	569	3	10471
907	608	1	10472
907	745	1	10473
907	465	1	10474
907	529	1	10475
907	827	1	10476
907	617	1	10477
907	499	1	10478
907	498	1	10479
907	537	1	10480
907	741	3	10481
907	497	1	10482
907	757	2	10483
907	700	1	10484
907	568	1	10485
907	7789	1	10486
1177	571	1	10488
1177	218	1	10489
1177	648	3	10490
1177	150	1	10491
1177	569	1	10492
1177	478	3	10493
1177	656	1	10494
1177	7789	1	10495
1177	567	1	10496
921	218	1	10497
921	648	3	10498
921	478	3	10499
921	630	3	10500
921	465	1	10501
921	668	1	10502
921	656	1	10503
921	562	1	10504
921	7789	1	10505
921	567	1	10506
876	436	1	10507
876	652	1	10508
876	631	1	10509
876	541	1	10510
876	663	1	10511
876	646	2	10512
11015	\N	1	11016
11015	567	1	11017
11021	\N	1	11022
11025	571	1	11026
11025	\N	1	11027
11028	630	1	11029
11034	\N	1	11035
11034	562	1	11036
11042	\N	1	11043
11046	706	1	11047
11046	\N	1	11048
11049	630	1	11050
11053	\N	1	11054
11058	630	1	11059
11060	708	1	11061
11060	\N	1	11062
11065	488	1	11066
11067	497	1	11068
11069	642	1	11070
11069	\N	1	11071
11077	708	1	11078
11077	\N	1	11079
11080	488	1	11081
11083	630	1	11084
11087	486	1	11088
11091	\N	1	11092
11091	630	1	11093
11098	\N	1	11099
11098	486	1	11100
11101	498	1	11102
11101	668	1	11103
11105	496	1	11106
\.


--
-- Data for Name: comment; Type: TABLE DATA; Schema: public; Owner: nf
--

COPY comment (id, body, lastupdated, owner_id) FROM stdin;
10514	kommentar	2011-05-23 12:15:28.169	141
10982	Nice goal	2011-08-25 10:05:18.385	10936
10983	Nice goal	2011-08-25 10:30:40.475	10936
10986	Nice attack	2011-08-26 11:05:57.499	10936
10987	Nice attack	2011-08-26 11:06:05.355	10936
10993	testkommentar	2011-09-01 12:49:52.238	10991
\.


--
-- Data for Name: document; Type: TABLE DATA; Schema: public; Owner: nf
--

COPY document (id, code, created, description, path, title, requiredauthority) FROM stdin;
962	dXiIMWa9DTHE	2011-03-31 19:38:10.828	Effect of 2 Soccer Matches in a week on physical performance and injury rate,	dBwURMBhqRZJ.pdf	Effect of 2 Soccer Matches in a week on physical performance and injury rate,	ROLE_TRUSTED_USER
963	dYkYD9aeuY8r	2011-03-31 19:48:14.792	EPL vs. Serie A vs. La Liga	djDDThIAsjhM.pdf	EPL vs. Serie A vs. La Liga	ROLE_TRUSTED_USER
964	dMMwFX1I2UGq	2011-03-31 19:48:50.662	Home advantage 	dHdBIoDPy2uc.pdf	Home advantage 	ROLE_TRUSTED_USER
965	damHQpOyXqBF	2011-03-31 19:49:06.463	One-goal analysis	duaBUvqt2nHN.pdf	One-goal analysis	ROLE_TRUSTED_USER
966	doYmSn0UBUYc	2011-03-31 19:49:28.945	ProZone system (reliability study)	dC7brfTGicTG.pdf	ProZone system (reliability study)	ROLE_TRUSTED_USER
967	dEUhoIhr68ET	2011-03-31 19:49:47.592	ProZone system (validation study)	dELHDcUi8COw.pdf	ProZone system (validation study)	ROLE_TRUSTED_USER
968	dOZuPUAZKhVr	2011-03-31 19:50:46.579	Comprehensive warm-up programme to prevent injuries in young female footballers - cluster randomised controlled trial, 2008	dv9iTzBaHdVW.pdf	Comprehensive warm-up programme to prevent injuries in young female footballers	ROLE_TRUSTED_USER
969	djaplceL5LMy	2011-03-31 19:51:17.803	Football incident analysis, a new video based method to describe injury mechanisms in professional football, 2003	dyl9vpvWBgH9.pdf	Football incident analysis	ROLE_TRUSTED_USER
970	djXVRpkfjBCd	2011-03-31 19:51:44.992	Mechanisms of head injuries in elite football,2004	dvjg5Ho0BY4z.pdf	Mechanisms of head injuries in elite football	ROLE_TRUSTED_USER
971	djXnX5i7QX8B	2011-03-31 19:52:09.051	Rule violations as a cause of injuries in male Norwegian professional football,2004	d7azXS8vKNS8.pdf	Rule violations as a cause of injuries in male Norwegian professional football	ROLE_TRUSTED_USER
972	duipyJGw6Vap	2011-03-31 19:52:31.381	Video analysis of injuries and incidents in Norwegian professional football,2004	dxQZ4Dh1ghDw.pdf	Video analysis of injuries and incidents in Norwegian professional football	ROLE_TRUSTED_USER
973	dFDxTJ2a0URW	2011-03-31 19:52:55.217	Video analysis of the mechanisms for ankle injuries in footbal,2004	dm9MBhG9BcxR.pdf	Video analysis of the mechanisms for ankle injuries in football	ROLE_TRUSTED_USER
974	dnjkLobtifWk	2011-03-31 19:55:29.837	Sport competition as a dynamical self-organizing system\r\n	dj2TzKr27wrP.pdf	Sport competition as a dynamical self-organizing system 	ROLE_TRUSTED_USER
975	dANOpEC9eYUW	2011-03-31 19:56:05.874	Interpersonal dynamics in sport: The role of artificial neural networks and 3-D analysis	d31JTpjiWwyF.pdf	Interpersonal dynamics in sport: The role of artificial neural networks and 3-D analysis	ROLE_TRUSTED_USER
976	d4gHVJdpKLuW	2011-03-31 19:56:43.823	Information-governing dynamics of attackerdefender interactions in youth rugby union	d2EhYts0rkpn.pdf	Information-governing dynamics of attackerdefender interactions in youth rugby union	ROLE_TRUSTED_USER
977	dyaXHo2QPpCV	2011-03-31 19:57:44.36	Power Law Distributions in Pattern Dynamics of Attacker-Defender Dyads in the Team Sport of Rugby Union: Phenomena in a Region of Self-Organized Criticality?	dY9yQkKD8gIm.pdf	Power Law Distributions in Pattern Dynamics of Attacker-Defender Dyads in the Team Sport of Rugby Union	ROLE_TRUSTED_USER
978	diKhnlwxLp0T	2011-03-31 19:58:08.378	Manipulating Constraints to Train Decision Making in Rugby Union\r\n	dxNw3hOS91ZN.pdf	Manipulating Constraints to Train Decision Making in Rugby Union 	ROLE_TRUSTED_USER
979	dWOtp0Zv4cVP	2011-04-01 05:02:15.358	A coach-controlled rehabilitation program reduces the risk of reinjury among amateur soccer players, 2008	dQZoWET5vGt5.pdf	A coach-controlled rehabilitation program reduces the risk of reinjury among amateur soccer players	ROLE_TRUSTED_USER
980	dMYVWcpctA2w	2011-04-01 05:04:15.039	A comparison of the physiological profiles of elite Gaelic footballers, hurlers, and soccer players, 2005	ds4Jcc33mo1q.pdf	A comparison of the physiological profiles of elite Gaelic footballers, hurlers, and soccer players	ROLE_TRUSTED_USER
981	d9NCcG322NAS	2011-04-01 05:04:48.868	A comparison of the soccer talent development systems in England and Canada, 2002	dGToU9b2r9CR.pdf	A comparison of the soccer talent development systems in England and Canada	ROLE_TRUSTED_USER
982	dJtQuc5BT2xW	2011-04-01 05:05:25.586	A computer-assisted analysis of verbal coaching behavior in soccer, 1996	dqBpxhjJGRTI.pdf	A computer-assisted analysis of verbal coaching behavior in soccer	ROLE_TRUSTED_USER
983	d594S0VrXG7k	2011-04-01 05:06:16.484	A dolphin only looks like a fish, Players behaviour analysis is not enough for game understanding in the light of the systems approach a response to the reply by McGarry and Franks, 2007	db2Uhh7ZcPWk.pdf	A dolphin only looks like a fish, Players behaviour analysis is not enough for game understanding in the light of the systems approach	ROLE_TRUSTED_USER
984	dmJbeNidkxug	2011-04-01 05:07:59.483	A further examination of the factors influencing current identification with a sports team, a response to Wann et al, 1997	daZ8GZsWhZqb.pdf	A further examination of the factors influencing current identification with a sports team	ROLE_TRUSTED_USER
985	dFHsdQ3EPmZn	2011-04-01 05:09:38.869	A hospital response to a soccer stadium stampede in Zimbabwe., 2003	dCAyONvAbDSE.pdf	A hospital response to a soccer stadium stampede in Zimbabwe	ROLE_TRUSTED_USER
986	dgYMRkeASY59	2011-04-01 05:10:13.744	A model of motivational orientation for youth sport, some preliminary work, 1995	d72Wd2HBHJyc.pdf	A model of motivational orientation for youth sport, some preliminary work	ROLE_TRUSTED_USER
987	djcBiGQskck7	2011-04-01 05:10:54.939	A new tool for understanding tactics in soccer, 2008	dFAy42E2iLf7.pdf	A new tool for understanding tactics in soccer	ROLE_TRUSTED_USER
988	dqtJEfJVLZtk	2011-04-01 05:11:27.841	A PETTLEP based imagery intervention with university soccer players, 2007	dkJt2nBgoXei.pdf	A PETTLEP based imagery intervention with university soccer players	ROLE_TRUSTED_USER
989	dBsnlT56AWvG	2011-04-01 05:12:01.479	A six year prospective study of the incidence and causes of head and neck injuries in international football, 2005	dyXSeBhf58SS.pdf	A six year prospective study of the incidence and causes of head and neck injuries in international football	ROLE_TRUSTED_USER
990	d4zSngOAzC2V	2011-04-01 05:12:43.286	A social cognition approach as the basis for the development of a decision training for referees in soccer, 2007	dpw2X2ujT0R1.pdf	A social cognition approach as the basis for the development of a decision training for referees in soccer	ROLE_TRUSTED_USER
991	dlHLjIFcEWCZ	2011-04-03 07:25:51.481	A classificatory system of anxiety-inducing situations in four team sports, 1996	drum4DK5W0CN., 1996	A classificatory system of anxiety-inducing situations in four team sports	ROLE_TRUSTED_USER
992	dNPvUWGbzywD	2011-04-03 07:27:02.291	A Comparison of Behavioral Parent Training Programs for Fathers of Children With Attention-Deficit:Hyperactivity Disorder, 2009	dofWzp1sE3eJ.pdf	A Comparison of Behavioral Parent Training Programs for Fathers of Children With Attention-Deficit:Hyperactivity Disorder	ROLE_TRUSTED_USER
1023	dMzGJg6ZLOfF	2011-04-03 07:49:48.955	Behavioral Consequences of Fluctuating Group Success, An Internet Study of Soccer-Team Fans, 2002	dYRcVuNVIMWB.pdf	Behavioral Consequences of Fluctuating Group Success, An Internet Study of Soccer-Team Fans	ROLE_TRUSTED_USER
1029	d0j1Qv1GqSL3	2011-04-03 07:53:32.913	Book reviews, 2002	d1SgyqeS3mz1.pdf	Book reviews	ROLE_TRUSTED_USER
993	dAwjkzEztaJr	2011-04-03 07:28:43.152	A congested football calendar and the wellbeing of players. correlation between match exposure of European footballers before the World Cup 2002 and their injuries and performances during that World Cup, 2004	dkh5XfUEe1M5.pdf	A congested football calendar and the wellbeing of players	ROLE_TRUSTED_USER
994	dHc5ANx9WY2f	2011-04-03 07:29:13.808	Adequacies of Skin Puncture for Evaluating Biochemical and Hematological Blood Parameters in Athletes, 2006	dkY3UPtFCj3L.pdf	Adequacies of Skin Puncture for Evaluating Biochemical and Hematological Blood Parameters in Athletes	ROLE_TRUSTED_USER
995	dw7d6wN5w3Qp	2011-04-03 07:30:16.309	A dolphin only looks like a fish, Players behaviour analysis is not enough for game understanding in the light of the systems approach a response to the reply by McGarry and Franks, 2007	d7uiBJYyOVTE.pdf	A dolphin only looks like a fish	ROLE_TRUSTED_USER
996	dABeRlFPdp9U	2011-04-03 07:30:39.835	Aerobic endurance training improves soccer performance, 2001	dUD0rPIhmgvt.pdf	Aerobic endurance training improves soccer performance	ROLE_TRUSTED_USER
997	d4YoYzwjdsPu	2011-04-03 07:31:01.525	After Competition, How Long Does the Emotion Last, 2006	dFlJUwWhm5wj.pdf	After Competition, How Long Does the Emotion Last	ROLE_TRUSTED_USER
998	dpGzNfO6ix3i	2011-04-03 07:32:26.952	Aggression in Sport? Depends on Your Point of View, 1985	dQ6IbnxtHrM0.pdf	Aggression in Sport? Depends on Your Point of View	ROLE_TRUSTED_USER
999	drNg2OudYI2S	2011-04-03 07:32:51.451	Ajax isn't Ajax anymore, on power, rhetoric and identity, 2008	dUKgiI9KxNgW.pdf	Ajax isn't Ajax anymore, on power, rhetoric and identity	ROLE_TRUSTED_USER
1000	dlQSI94auo1O	2011-04-03 07:33:12.307	Alcohol and football, 2006	dc1ODmPKL9ju.pdf	Alcohol and football	ROLE_TRUSTED_USER
1001	d7VQ1ltqzNeK	2011-04-03 07:33:32.075	A model of motivational orientation for youth sport, some preliminary work, 1995	dkv4HbE1WSmd.pdf	A model of motivational orientation for youth sport, some preliminary work	ROLE_TRUSTED_USER
1002	d4eaNT8eWpVm	2011-04-03 07:34:13.806	An Exploratory Examination Into the Effect of Absence Due to Hypothetical Injury on Collective Efficacy, 2008	d6InJPXkLJpJ.pdf	An Exploratory Examination Into the Effect of Absence Due to Hypothetical Injury on Collective Efficacy	ROLE_TRUSTED_USER
1003	dYfGGCClJpwi	2011-04-03 07:35:03.091	An exploratory study on the role of experience for perceptual-cognitive skill in soccer coaches, 2007	dUddEd9jd7Ps.pdf	An exploratory study on the role of experience for perceptual-cognitive skill in soccer coaches	ROLE_TRUSTED_USER
1004	dNzAZY6VLq3Q	2011-04-03 07:35:35.102	An Investigation Into the Impact of Coach Leadership and CoachAthlete Relationship on Group Cohesion, 2004	dx6s6FSFR2VP.pdf	An Investigation Into the Impact of Coach Leadership and CoachAthlete Relationship on Group Cohesion	ROLE_TRUSTED_USER
1005	d8rmDeS5ej8Q	2011-04-03 07:35:57.811	An investigation of multidimensional worry dispositions in a high contact sport, 2003	drFy4mWBYbpW.pdf	An investigation of multidimensional worry dispositions in a high contact sport	ROLE_TRUSTED_USER
1006	dGMVQdMYD0ng	2011-04-03 07:36:37.549	An Investigation of the Relationship Between Parents Causal Attributions of Youth Soccer Dropout, Time in Soccer Organisation, Affect Towards Soccer and Soccer Organisation, and Post-Soccer Dropout Behaviour, 2002	d5Uuw0DLql0x.pdf	An Investigation of the Relationship Between Parents Causal Attributions of Youth Soccer Dropout	ROLE_TRUSTED_USER
1007	dTEifPLcaN4T	2011-04-03 07:37:14.248	Another bad day at the training ground. Coping with ambiguity in the coaching context, 2005	djsGOHGOACmw.pdf	Another bad day at the training ground	ROLE_TRUSTED_USER
1008	dBnxYji5zInp	2011-04-03 07:37:55.404	Anticipating soccer penalty kick direction, does learning without instruction necessarily lead to explicit processes? (Abstract), 2003	dfXA9MKrL3r7.pdf	Anticipating soccer penalty kick direction	ROLE_TRUSTED_USER
1009	dYrE2EXliviZ	2011-04-03 07:38:32.266	Anyone for Football for Peace? The challenges of using sport in the service of co-existence in Israel, 2008	dwK9p2Ckskeg.pdf	Anyone for Football for Peace? The challenges of using sport in the service of co-existence in Israel, 2008	ROLE_TRUSTED_USER
1010	doWxxWo6gNut	2011-04-03 07:39:20.111	Apollonians and Dionysians. The Role of Football in Gilberto Freyre's Vision of Brazilian People, 2007	dBuqSKEn0Q4y.pdf	Apollonians and Dionysians. The Role of Football in Gilberto Freyres Vision of Brazilian People	ROLE_TRUSTED_USER
1011	dfxMfoRgTqFN	2011-04-03 07:39:48.602	A psycholinguistic investigation of football players' mental representations of game situations. Does expertise count?, 2008	dcwPH9sBACKI.pdf	A psycholinguistic investigation of football players' mental representations of game situations. Does expertise count?	ROLE_TRUSTED_USER
1012	ddU5xWfjP8oH	2011-04-03 07:40:26.382	Are professional footballers at risk of developing dementia?, 1995	df8ilMxeG5cG.pdf	Are professional footballers at risk of developing dementia?	ROLE_TRUSTED_USER
1013	dIj39DlkHZRx	2011-04-03 07:41:10.086	Are You Paying Attention? Attentional capacity should be evaluated after any head injury or in situations involving fatigue, stress, or major disease, 2003	dr6rIsY9VNIr.pdf	Are You Paying Attention? Attentional capacity should be evaluated after any head injury	ROLE_TRUSTED_USER
1014	dOpnBKbXffU6	2011-04-03 07:41:42.816	A six year prospective study of the incidence and causes of head and neck injuries in international football, 2005	dcdiZd5FJ4DA.pdf	A six year prospective study of the incidence and causes of head and neck injuries in international football	ROLE_TRUSTED_USER
1015	dzJ8i4eHXFjM	2011-04-03 07:42:06.589	As natural a game for girls as for boys, 2007	dg1qsbbLnN43.pdf	As natural a game for girls as for boys	ROLE_TRUSTED_USER
1016	d2elbfNIYQwP	2011-04-03 07:44:16.672	Assessing whether black uniforms affect the decisions of Turkish soccer referees. Is finding of Frank and Gilovich'a study valid for Turkish culture?, 2005	dAh0cLptUuev.pdf	Assessing whether black uniforms affect the decisions of Turkish soccer referees. Is finding of Frank and Gilovich'a study valid for Turkish culture?	ROLE_TRUSTED_USER
1017	dFwpVkkfXRot	2011-04-03 07:44:53.036	Assessment of secondary school student' decision-making and game-play ability in soccer., 2005	d5YOMm6Tvkil.pdf	Assessment of secondary school students' decision-making and game-play ability in soccer	ROLE_TRUSTED_USER
1018	diN4Y2m0Vt9D	2011-04-03 07:47:20.674	Assessments of young soccer players, a holistic approach, 2006	d60VoO5XKWoo.pdf	Assessments of young soccer players, a holistic approach	ROLE_TRUSTED_USER
1019	ddcpecEORLIo	2011-04-03 07:48:17.72	A three-dimensional crisis-related analysis of perceived teammates' behavior in competition, 1992	dv6U48WzaAOP.pdf	A three-dimensional crisis-related analysis of perceived teammates' behavior in competition	ROLE_TRUSTED_USER
1020	dVywtGJ7edBh	2011-04-03 07:48:39.442	Attributions, It Matters Both How You Play and Whether You Win or Lose, 1988	dH50hm94hGql.pdf	Attributions, It Matters Both How You Play and Whether You Win or Lose	ROLE_TRUSTED_USER
1021	dJkUouyoSjIC	2011-04-03 07:48:58.246	Australian homers, 1999	dmMIqygSASEM.pdf	Australian homers	ROLE_TRUSTED_USER
1022	dGsa0OmTdfP8	2011-04-03 07:49:20.821	Balance Ability and Muscle Response of the Preferred and Nonpreferred Leg in Soccer Players, 2009	dP06Lj9Dd1Bp.pdf	Balance Ability and Muscle Response of the Preferred and Nonpreferred Leg in Soccer Players	ROLE_TRUSTED_USER
1030	dWDtamvUfsrm	2011-04-03 07:53:58.511	Boys soccer league injuries, a community-based study of time-loss from sports participation and long-term sequelae, 2007	dWBRm0wioCfi.pdf	Boys soccer league injuries, a community-based study of time-loss from sports participation and long-term sequelae	ROLE_TRUSTED_USER
1031	dP70LcD9yqoa	2011-04-03 07:54:20.563	Brief Report, Behavioral Risk Factors for Youth Soccer (Football) Injury, 2007	dLmwrTUmrCq6.pdf	Brief Report, Behavioral Risk Factors for Youth Soccer (Football) Injury	ROLE_TRUSTED_USER
1034	dgmjyGeW51x1	2011-04-03 07:57:05.135	Cardiovascular events during World Cup soccer, 2008	d8ge2HP06jFt.pdf	Cardiovascular events during World Cup soccer	ROLE_TRUSTED_USER
1035	daLBCE8STz7F	2011-04-03 07:57:23.626	Celluloid Soccer, The Peculiarities of Soccer in Bengali Cinema, 2005	dg2LgcVwhnyf.pdf	Celluloid Soccer, The Peculiarities of Soccer in Bengali Cinema.	ROLE_TRUSTED_USER
1037	dFr85FiFOCpb	2011-04-03 07:59:09.927	Characteristics of Physical Abilities of College Soccer Players According to their Usual Playing Position. Relationships of the Distance and Speed of Movements during a Game with Physiologic Characteristics, 2008	dW2Bj5KgqAOn.pdf	Characteristics of Physical Abilities of College Soccer Players According to their Usual Playing Position	ROLE_TRUSTED_USER
1038	dz05GO6RkxqP	2011-04-03 07:59:32.037	Coaching redefined, an everyday pedagogical endeavour, 2007	dfSnHGI6lodE.pdf	Coaching redefined, an everyday pedagogical endeavour	ROLE_TRUSTED_USER
1039	dRvCbjckE8OG	2011-04-03 07:59:57.867	Cognition is best yardstick of fitness after concussion, 2007	dzkcmhk3QgKv.pdf	Cognition is best yardstick of fitness after concussion	ROLE_TRUSTED_USER
1041	dv3ili0m7icb	2011-04-03 08:01:21.652	Comment, Role of perceptual and motor abilities in instep kicking performance of young soccer players, 2004	d5bsQiWXEMXJ.pdf	Comment, Role of perceptual and motor abilities in instep kicking performance of young soccer players	ROLE_TRUSTED_USER
1049	dg82uEA3jCYZ	2011-04-03 08:06:02.944	Confessional tales from former football hooligans, a nostalgic, narcissistic wallow in football violence, 2008	dwoKmmbuXBfM.pdf	Confessional tales from former football hooligans, a nostalgic, narcissistic wallow in football violence	ROLE_TRUSTED_USER
1050	dPUKFHBJqfxJ	2011-04-03 08:07:03.167	Correlates of motor talent in a sample of 12-year-old Portuguese soccer players, 2007	dqFPfjERd3Wg.pdf	Correlates of motor talent in a sample of 12-year-old Portuguese soccer players	ROLE_TRUSTED_USER
1054	drQm9SkjKwPV	2011-04-03 08:08:50.555	Declarative Knowledge in Sport. A By-Product of Experience or a Characteristic of Expertise?, 1995	dWvfxLdbvutK.pdf	Declarative Knowledge in Sport. A By-Product of Experience or a Characteristic of Expertise?	ROLE_TRUSTED_USER
1059	d6Jp7FeauVxC	2011-04-03 08:10:57.189	Do Achievement Goals Mediate Stereotype Threat? An Investigation on Females' Soccer Performance, 2008	dNGW4sOWx6Xi.pdf	Do Achievement Goals Mediate Stereotype Threat? An Investigation on Females' Soccer Performance	ROLE_TRUSTED_USER
1024	dznJ21F5adhb	2011-04-03 07:51:06.782	Benefits of strength and plyometric trainings on the athletic performance in preadolescent soccer players (Abstrac), 2006	dbJ1YyCRdTJl.pdf	Benefits of strength and plyometric trainings on the athletic performance in preadolescent soccer players	ROLE_TRUSTED_USER
1025	dn1iaH9sNbKb	2011-04-03 07:51:25.649	Biggest but smallest, female football and the case of Norway, 2008	dmoL4Nj9zQi1.pdf	Biggest but smallest, female football and the case of Norway	ROLE_TRUSTED_USER
1026	dr7f63RWie1q	2011-04-03 07:52:20.847	Bilateral discoid medial menisci. association with bone changes in the tibia, 2001	d3W0BqJvXMXq.pdf	Bilateral discoid medial menisci. association with bone changes in the tibia, 2001	ROLE_TRUSTED_USER
1027	dwxAr6UEZ2JW	2011-04-03 07:52:43.152	Body Image and Body Composition, Comparisons of Young Male Elite Soccer Players and Controls, 2008	dmmjDlpXpcOR.pdf	Body Image and Body Composition, Comparisons of Young Male Elite Soccer Players and Controls	ROLE_TRUSTED_USER
1028	dzkMQo4rG0Ef	2011-04-03 07:53:05.857	Bone tunnel enlargement after anterior cruciate ligament reconstruction, fact or fiction?, 1998	d0BktgMITiAa.pdf	Bone tunnel enlargement after anterior cruciate ligament reconstruction, fact or fiction?	ROLE_TRUSTED_USER
1032	djGbvqjPqI6T	2011-04-03 07:56:24.89	Can oxypurines plasma levels classify the type of physical exercise, 1999	d1h53Gyo7Est.pdf	Can oxypurines plasma levels classify the type of physical exercise?	ROLE_TRUSTED_USER
1033	dHEjUIkwxowu	2011-04-03 07:56:44.225	Carbohydrates and physical:mental performance during intermittent exercise to fatigue, 2002	dt96GP8u38pv.pdf	Carbohydrates and physical:mental performance during intermittent exercise to fatigue	ROLE_TRUSTED_USER
1036	dnh83AdE66xJ	2011-04-03 07:58:10.347	Championship Pressures, Choking or Triumphing in One's Own Territory?, 1995	drBYM6lMI9H7.pdf	Championship Pressures, Choking or Triumphing in One's Own Territory?	ROLE_TRUSTED_USER
1040	dVHvgCIpCY3Y	2011-04-03 08:00:21.332	Coming in from the margins. ethnicity, community support and the rebranding of Australian soccer, 2008	d7v0y9ql3qbP.pdf	Coming in from the margins. ethnicity, community support and the rebranding of Australian soccer	ROLE_TRUSTED_USER
1042	dy3vZp9cGhUf	2011-04-03 08:01:46.186	Communications to the "sport and science" conference, 1988	dF49Lqm0lOlz.pdf	Communications to the "sport and science" conference	ROLE_TRUSTED_USER
1043	dF8O7ukeAdy9	2011-04-03 08:02:09.563	Comparing Sports Injuries in Men and Women, 2001	dvgx6h1mFj84.pdf	Comparing Sports Injuries in Men and Women	ROLE_TRUSTED_USER
1044	dLBi3ObO3JRY	2011-04-03 08:02:46.396	Comparison of Exercise Programs With and Without the Use of the Ball for the Improvement of the Maximum Speed, the Speed Endurance and the Countermovement Jump in Young Football Players 14-15 Years Old, 2007	dCIBl3NSrGUH.pdf	Comparison of Exercise Programs With and Without the Use of the Ball for the Improvement of the Maximum Speed, the Speed Endurance and the Countermovement Jump in Young Football Players	ROLE_TRUSTED_USER
1045	do64wEKGBJO0	2011-04-03 08:03:52.67	Comparison of heart-rate intensity and duration between sport games and traditional cardiovascular activities, 1998	dbgH4BETz7Wu.pdf	Comparison of heart-rate intensity and duration between sport games and traditional cardiovascular activities, 1998	ROLE_TRUSTED_USER
1046	dWO0HyZ2c8Oa	2011-04-03 08:04:20.277	Comparison of the incidence, nature and cause of injuries sustained on grass and new generation artificial turf by male and female football players. Part 1, match injuries, 2007	dyLwwt8hOLUC.pdf	Comparison of the incidence, nature and cause of injuries sustained on grass and new generation artificial turf by male and female football players	ROLE_TRUSTED_USER
1047	dNcELGhpNCfG	2011-04-03 08:05:09.571	Comparison of the incidence, nature and cause of injuries sustained on grass and new generation artificial turf by male and female football players. Part 2, training injuries, 2007	d1pf74Gywkzh.pdf	Comparison of the incidence, nature and cause of injuries sustained on grass and new generation artificial turf by male and female football players, Part 2	ROLE_TRUSTED_USER
1048	dHahEVja8XxQ	2011-04-03 08:05:34.754	Comparison of the kinematics of the full-instep and pass kicks in soccer, 1998	dcL1PwUY796P.pdf	Comparison of the kinematics of the full-instep and pass kicks in soccer	ROLE_TRUSTED_USER
1051	dHOQucV6nQmV	2011-04-03 08:07:27.796	Correlations and differences of performance between soccer players, professionals, young players and amateurs, from the 10-meter sprint test and knee isokinetic assessment, 2004	dZjPVV1uoTlC.pdf	Correlations and differences of performance between soccer players, professionals, young players and amateurs, from the 10-meter sprint test and knee isokinetic assessment	ROLE_TRUSTED_USER
1052	d5cqX7BvmlMP	2011-04-03 08:07:47.066	Creatine supplementation and sprint performance in soccer players, 2000	dNxopFUBlwHH.pdf	Creatine supplementation and sprint performance in soccer players	ROLE_TRUSTED_USER
1053	docira5VHiGa	2011-04-03 08:08:15.395	Death to the Arabs, the right-wing fan's fear, 2009	diHHsHr3ZF5z.pdf	Death to the Arabs, the right-wing fan's fear	ROLE_TRUSTED_USER
1055	dJL3jhFGFUD6	2011-04-03 08:09:12.453	Defining and Understanding Mental Toughness within Soccer, 2005	d9wA0xYFqYc9.pdf	Defining and Understanding Mental Toughness within Soccer	ROLE_TRUSTED_USER
1056	dkJk6AdB3Nt3	2011-04-03 08:09:30.678	Dementia in footballers, 2003	ddE8rc5uKgvZ.pdf	Dementia in footballers	ROLE_TRUSTED_USER
1057	dxChPPgWIuW0	2011-04-03 08:09:50.184	Determinants of possession of the ball in soccer, 2007	dqvbu2a7UENK.pdf	Determinants of possession of the ball in soccer	ROLE_TRUSTED_USER
1058	dqtBPu9rhwtD	2011-04-03 08:10:31.147	Dilemmas, Maintaining 'Face' and Paranoia An Average Coaching Life, 2006	dT70pBCuID1i.pdf	Dilemmas, Maintaining 'Face' and Paranoia An Average Coaching Life	ROLE_TRUSTED_USER
1060	diRNlfFKxEAU	2011-04-03 08:11:16.373	Do anthropometric and fitness characteristics vary according to birth date distribution in elite youth academy soccer players?, 2009	d5jWJ00HmBUw.pdf	Do anthropometric and fitness characteristics vary according to birth date distribution in elite youth academy soccer players?	ROLE_TRUSTED_USER
1061	d4JBlkb6eLSd	2011-04-03 08:11:42.692	Do elite athletes exhibit enhanced proprioceptive acuity, range and strength of knee rotation compared with non-athletes?, 2009	d2cbYKwKaplj.pdf	Do elite athletes exhibit enhanced proprioceptive acuity, range and strength of knee rotation compared with non-athletes?	ROLE_TRUSTED_USER
1062	duDI4EEVqmoM	2011-04-03 08:13:11.54	Does a short period of lower limb strength training improve performance in field-based tests of running and agility in young professional soccer players?, 2008	dl6OrJ2y4Dwq.pdf	Does a short period of lower limb strength training improve performance in field-based tests of running and agility in young professional soccer players?	ROLE_TRUSTED_USER
1063	dgFTFmP2FQQN	2011-04-03 08:13:34.445	Does noise provide a basis for the unification of motor learning theories?, 2006	d9Jl6Ujktboi.pdf	Does noise provide a basis for the unification of motor learning theories?	ROLE_TRUSTED_USER
1064	dzziOhiI2EVX	2011-04-03 08:14:01.195	Does pattern recognition skill transfer across sports? (Abstract), 2002	deBVYgRHq0qA.pdf	Does pattern recognition skill transfer across sports? (Abstract)	ROLE_TRUSTED_USER
1065	dPiSwbPGBSPe	2011-04-03 08:14:21.186	Does soccer headgear attenuate the impact when heading a soccer ball?, 2003	dGq0U5i47cZL.pdf	Does soccer headgear attenuate the impact when heading a soccer ball?	ROLE_TRUSTED_USER
1066	dahTcsWa6LzN	2011-04-03 08:14:40.953	Does Stretching Improve Performance? A Systematic and Critical Review of the Literature, 2004	dm2ulCbIufr2.pdf	Does Stretching Improve Performance? A Systematic and Critical Review of the Literature	ROLE_TRUSTED_USER
1067	diFOtrDJAJBc	2011-04-03 08:15:19.083	Does the face reveal athletic flair? Positions in team sports and facial attractiveness, 2007	dJaPVX5mqros.pdf	Does the face reveal athletic flair? Positions in team sports and facial attractiveness	ROLE_TRUSTED_USER
1068	dEt9nySNxqwU	2011-04-03 08:15:55.535	Don't let me be fat or physically incompetent! The relationship between physical self-concept and social physique anxiety in Canadian high performance female adolescent athletes, 2000	dIUJI4MYAswn.pdf	Don't let me be fat or physically incompetent!	ROLE_TRUSTED_USER
1069	dajVfRRJhsdM	2011-04-03 08:16:25.826	Do pattern recognition skills transfer across sports? A preliminary analysis, 2004	dtL8IsfkK0Ro.pdf	Do pattern recognition skills transfer across sports? A preliminary analysis.	ROLE_TRUSTED_USER
1070	d1J9ISkqdlXI	2011-04-03 08:16:46.489	Do sensorial manipulations affect subjects differently depending on their postural abilities?, 2007	dhda3bmqReYi.pdf	Do sensorial manipulations affect subjects differently depending on their postural abilities?	ROLE_TRUSTED_USER
1071	d34D81F8eJYb	2011-04-03 08:17:19.177	Do the "Three-Point Victory" and "Golden Goal" Rules Make Soccer More Exciting?, 2004	doZmH2daJUdF.pdf	Do the "Three-Point Victory" and "Golden Goal" Rules Make Soccer More Exciting?	ROLE_TRUSTED_USER
1072	dtc8uNYqhqPe	2011-04-03 08:17:40.539	Drug use in English professional football, 2005	d8Wmo7njbFFm.pdf	Drug use in English professional football	ROLE_TRUSTED_USER
1073	dLuZiTyCPRoP	2011-04-03 08:18:03.433	Dynamics of Instrumental and Emotional Leadership, 1984	dy1CZ8lsqSSx.pdf	Dynamics of Instrumental and Emotional Leadership	ROLE_TRUSTED_USER
961	ddf34fdFdfdf	2011-03-31 19:38:10.828	An intermittent running test to estimate maximal oxygen uptake	dNIk9cygvrk7.pdf	An intermittent running test to estimate maximal oxygen uptake	ROLE_TRUSTED_USER
\.


--
-- Data for Name: document_category; Type: TABLE DATA; Schema: public; Owner: nf
--

COPY document_category (document_id, categories_id) FROM stdin;
962	959
963	957
964	957
965	957
966	957
967	957
968	958
969	958
970	958
971	958
972	958
973	958
974	957
975	957
976	957
977	957
978	957
979	959
961	956
980	959
981	959
982	959
983	959
984	959
985	959
986	959
987	959
988	959
989	959
990	959
991	959
992	959
993	959
994	959
995	959
996	959
997	959
998	959
999	959
1000	959
1001	959
1002	959
1003	959
1004	959
1005	959
1006	959
1007	959
1008	959
1009	959
1010	959
1011	959
1012	959
1013	959
1014	959
1015	959
1016	959
1017	959
1018	959
1019	959
1020	959
1021	959
1022	959
1023	959
1024	959
1025	959
1026	959
1027	959
1028	959
1029	959
1030	959
1031	959
1032	959
1033	959
1034	959
1035	959
1036	959
1037	959
1038	959
1039	959
1040	959
1041	959
1042	959
1043	959
1044	959
1045	959
1046	959
1047	959
1048	959
1049	959
1050	959
1051	959
1052	959
1053	959
1054	959
1055	959
1056	959
1057	959
1058	959
1059	959
1060	959
1061	959
1062	956
1063	959
1064	959
1065	959
1066	959
1067	959
1068	959
1069	959
1070	959
1071	959
1072	959
1073	959
962	959
963	957
964	957
965	957
966	957
967	957
968	958
969	958
970	958
971	958
972	958
973	958
974	957
975	957
976	957
977	957
978	957
979	959
961	956
980	959
981	959
982	959
983	959
984	959
985	959
986	959
987	959
988	959
989	959
990	959
991	959
992	959
993	959
994	959
995	959
996	959
997	959
998	959
999	959
1000	959
1001	959
1002	959
1003	959
1004	959
1005	959
1006	959
1007	959
1008	959
1009	959
1010	959
1011	959
1012	959
1013	959
1014	959
1015	959
1016	959
1017	959
1018	959
1019	959
1020	959
1021	959
1022	959
1023	959
1024	959
1025	959
1026	959
1027	959
1028	959
1029	959
1030	959
1031	959
1032	959
1033	959
1034	959
1035	959
1036	959
1037	959
1038	959
1039	959
1040	959
1041	959
1042	959
1043	959
1044	959
1045	959
1046	959
1047	959
1048	959
1049	959
1050	959
1051	959
1052	959
1053	959
1054	959
1055	959
1056	959
1057	959
1058	959
1059	959
1060	959
1061	959
1062	956
1063	959
1064	959
1065	959
1066	959
1067	959
1068	959
1069	959
1070	959
1071	959
1072	959
1073	959
\.


--
-- Data for Name: event; Type: TABLE DATA; Schema: public; Owner: nf
--

COPY event (id, code, name, date, location, awayteam_id, hometeam_id) FROM stdin;
15	eLT5UdpCaiqW	Barcelona - Manchester United	2009-07-01 00:00:00	Roma	12	10
16	eZcn1niSaRHk	Arsenal - Barcelona	2010-01-01 00:00:00	Emirates	10	13
14	egyNxCQMxGQq	Real Madrid - Barcelona	2009-06-01 00:00:00	Santiago Bernabeu	10	11
233	eYcYTVVjVqCJ	Honduras - Spania	2011-02-01 00:00:00	Sør- Afrika	142	143
234	eqBG4SKdMoYn	Danmark - Kamerun	2011-02-01 00:00:00	Sør- Afrika	163	166
235	eqxppeLlDfE8	Portugal - Nord- Korea	2011-02-01 00:00:00	Sør- Afrika	174	181
236	ekIjp6lFDixf	Serbia - Ghana	2011-02-01 00:00:00	Sør- Afrika	170	182
237	eSMdErAk8Ymw	Slovenia - Algerie	2011-02-01 00:00:00	Sør- Afrika	159	184
238	eql8XSDcuHOC	Tyskland - Ghana	2011-02-01 00:00:00	Sør- Afrika	170	169
239	eieuSEOBAqEY	Brasil - Chile	2011-02-01 00:00:00	Sør- Afrika	164	162
240	eMuZJblCCOXd	Mexico - Sør- Afrika	2011-02-01 00:00:00	Sør- Afrika	185	176
241	e50dDZKDLoq8	Elfenbenkysten - Nord- Korea	2011-02-01 00:00:00	Sør- Afrika	174	165
242	eTgngzZxfQdS	Spania - Honduras	2011-02-01 00:00:00	Sør- Afrika	143	142
243	eYSM5gQou0KB	Tyskland - England	2011-02-01 00:00:00	Sør- Afrika	167	169
244	eqECLv3nMZgA	Ghana - Serbia	2011-02-01 00:00:00	Sør- Afrika	182	170
245	elqO90IEf5LN	Spania - Sveits	2011-02-01 00:00:00	Sør- Afrika	186	142
246	eT4OO2h5t8tH	Brasil - Portugal	2011-02-01 00:00:00	Sør- Afrika	181	162
247	eZ7N2C7X74BI	Italia - New Zealand	2011-02-01 00:00:00	Sør- Afrika	178	172
248	ety1KU77354X	Spania - Portugal	2011-02-01 00:00:00	Sør- Afrika	181	142
249	eReW3qLJSngn	Ghana - Uruguay	2011-02-01 00:00:00	Sør- Afrika	187	170
250	eyfp73wqFAPY	Brasil - Elfenbenkysten	2011-02-01 00:00:00	Sør- Afrika	165	162
251	eLBjbZvl71be	Slovenia - USA	2011-02-01 00:00:00	Sør- Afrika	188	184
252	eD7703WGBTcn	Nederland - Danmark	2011-02-01 00:00:00	Sør- Afrika	166	177
313	ePeFOYcgJmZY	Stabæk - IFK Gøteborg	2010-03-06 00:00:00	Telenor Arena	312	311
330	eTZzjcaxU8cO	Stabæk - Nesodden	2011-02-08 00:00:00	Telenor Arena	329	311
334	eNaSAUikdxpm	Norge - Portugal	2011-02-09 00:00:00	La Manga	181	333
342	eyyRiff3dznR	Stabak - Nesodden	2011-02-08 00:00:00	Telenor Arena	329	341
861	eEBe66mmHfn4	Tyskland - Uruguay	\N		187	169
864	eLJYPbw0PgR9	Tyskland - Serbia	\N		182	169
866	eIQ4dMxMpZ9w	Tyskland - Argentina	\N		160	169
868	eh9IJM3fnplc	Brasil - Nord- Korea	\N		174	162
870	ebbLdNMsXXBe	Spania - Paraguay	\N		180	142
872	eMrlqSijc1jE	Argentina - Hellas	\N		171	160
875	exvJeG5evP1K	England - Slovenia	\N		184	167
880	ehO62S8V575L	Sør- Afrika - Frankrike	\N		168	185
882	ez2NANUozDAD	Nederland - Uruguay	\N		187	177
883	eoBug4uFqG7b	Tyskland - Australia	\N		161	169
885	ebL0F8nYvxol	England - USA	\N		188	167
888	e7H4GuptyIPB	Nederland - Slovakia	\N		183	177
890	eOB5ZNPFFdW1	Uruguay - Mexico	\N		176	187
892	eTxExHgFaIgW	Honduras - Sveits	\N		186	143
896	eucPAL0w8O3s	Hellas - Nigeria	\N		179	171
897	eUaoILXeIKcD	Paraguay - Slovakia	\N		183	180
899	egos7tueHnNB	Uruguay - Sør- Afrika	\N		185	187
903	emKUnmBv69JH	Japan - Nederland	\N		177	173
904	eIOP76kH2MOp	Ghana - USA	\N		188	170
906	eNXBR4BJ9Cga	Argentina - Mexico	\N		176	160
909	e9FScZvBqzHK	Argentina - Sør- Korea	\N		175	160
918	ew4WQa6pUueW	Portugal - Elfenbenkysten	\N		165	181
920	eavhvPBmR4Pv	Japan - Danmark	\N		166	173
932	eLCYGW7WrPgY	Spania - Nederland	\N		177	142
940	e9IsmmrokYvg	Brasil - Nederland	\N		177	162
951	e769Hr4UXZwx	Uruguay - Sør- Korea	\N		175	187
953	eQCDw9MuApHG	Tyskland - Spania	\N		142	169
1110	emciXhfG1E55	Everton - Chelsea	\N		1074	1109
1115	epjAPwpLYvwT	- - -	\N		1114	1114
1117	eCnoRlsVYg2D	  -  	\N		1116	1116
1122	eq3bB03FUWiF	England - Trinidad og Tobago	\N	VM 2006	1121	167
1125	ephMUNwMeSpx	Ajax - NAC Breda	\N	Amsterdam Arena	1124	1085
1126	eUisemJxbnLh	Portugal - Nederland	\N	VM 2006	177	181
1127	eskWrLwN2NGl	Frankrike - Spania	\N	VM 2006	142	168
1131	eMicEN4C9MkR	Argentina - Serbia og Montenegro	\N	VM 2010	1130	160
1132	e9HyFFeOjfAX	Brasil - Ghana	\N	VM 2010	170	162
1133	e4giHQYlvf6O	Ecuador - Tyskland	\N	VM 2006	169	1107
1134	eP6ieCvSG5zg	Nederland - Elfenbenkysten	\N	VM 2006	165	177
1135	ecVhOxRY5zXY	USA - Tsjekkia	\N	VM 2006	1088	188
1136	eTJTB7URmtHz	Spania - Frankrike	\N	VM 2006	168	142
1137	eEGZng6rHVlh	Argentina - Serbia og Montenegro	\N	VM 2006	1130	160
1139	eIbUr5yTE8td	Korea - Togo	\N	VM 2006	1087	1138
1140	epGeouvcBib0	Frankrike - Korea	\N	VM 2006	1138	168
1141	efeo1vc12t7e	Argentina - Elfenbenkysten	\N	VM 2006	165	160
1142	ehVvVpt7Whjy	Serbia og Montenegro - Nederland	\N	VM 2006	177	1130
1143	esqPrkmnVprv	Argentina - Serbia og Montenegro	\N	VM 2006	1130	160
1144	ePkQ3SEh1B66	Brasil - Japan	\N	VM 2006	173	162
1146	eXQFeG71XLij	Tyskland - Costa Rica	\N	VM 2006	1145	169
1147	ec6OH2gdmPvA	Spania - Tyskland	\N	EM 2008	169	142
1173	eew0vOupZoG2	England - Ecuador	\N	VM 2006	1107	167
1176	eOLs1VF6FoYx	Ecuador - Costa Rica	\N	VM 2006	1145	1107
1179	ehuSjj1sIwaF	Brasil - Kroatia	\N	VM 2006	1108	162
1182	eK38qnbKirIL	Liverpool - Monaco	\N	Champions League	1181	1086
1185	e6r8NlwpJfnX	Norge - Sverige	\N		1184	333
1188	ehEBI2oSHbQ7	Arsenal - Rosenborg	\N		1187	13
1191	eHZDJSDIwnA2	Kroatia - Australia	\N	VM 2006	161	1108
1197	e9BRq4i3zyiy	Manchester United - Portsmouth	\N		1196	12
1198	e4QWWS3mNkgV	Sør- Afrika - Mexico	\N		176	185
1203	eNgHYHY7Relk	Australia - Ghana	\N		170	161
1206	eZvMJGFh5VFD	Algerie - Slovenia	\N		184	159
1208	ezZ5T8yil5GS	Nigeria - Hellas	\N	VM 2010	171	179
1210	edR03t2h7sZD	New Zealand - Slovakia	\N	VM 2010	183	178
1215	e4dxanpFHius	Nederland - Japan	\N		173	177
1217	e6iiP0fEgSS9	Mexico - Uruguay	\N	VM 2010	187	176
1218	ejtirs16E82s	Uruguay - Nederland	\N	VM 2010	177	187
1221	eszlUMoAVlHs	Ghana - Australia	\N	VM 2010	161	170
1226	eY5qiIdf3oYi	Sør- Afrika - Uruguay	\N		187	185
1229	eVSC4XQWgNN8	Ghana - Tyskland	\N	VM 2010	169	170
1234	eoRc5J2gKczz	Japan - Kamerun	\N	VM 2010	163	173
1237	esG6kUprQB67	Sør- Korea - Hellas	\N	VM 2010	171	175
1239	eKkYu4jCLTg9	Frankrike - Mexico	\N	VM 2010	176	168
1241	ePLcFZYarzld	Paraguay - Spania	\N	VM 2010	142	180
1244	eBd6e9f3pd9r	Elfenbenkysten - Portugal	\N	VM 2010	181	165
1247	eEyC4pOyE29s	Slovenia - England	\N	VM 2010	167	184
1251	eYZ5z531A8Ms	Hellas - Argentina	\N	VM 2010	160	171
1257	ep39MFvQdvXC	Slovakia - Paraguay	\N	VM 2010	180	183
1259	ePBLfQFHHDV3	Chile - Sveits	\N	VM 2010	186	164
1270	euM3Og0sS1tU	Uruguay - Ghana	\N	VM 2010	170	187
1273	e0vIcmzOn0ZO	Uruguay - Frankrike	\N	VM 2010	168	187
1277	e6S44Hyl50Tk	Uruguay - Tyskland	\N	VM 2010	169	187
1284	eUAjueQ85n0B	Argentina - Tyskland	\N	VM 2010	169	160
1288	eM46Zdbjg7u6	USA - Ghana	\N	VM 2010	170	188
1291	ehT5CfF2HyKV	Nederland - Brasil	\N	VM 2010	162	177
1295	eW7Es8HyP90r	England - Algerie	\N	VM 2010	159	167
1306	etCfxTN5gXN3	Danmark - Japan	\N	VM 2010	173	166
1340	eW5g47ofxETI	Sveits - Hellas	\N	VM 2010	171	186
1351	e5ggiMRWFLsK	Argentina - Nigeria	\N	VM 2010	179	160
1354	eH7xjZwlfKJz	Paraguay - Japan	\N	VM 2010	173	180
1382	eywsgtCvR9qY	Australia - Serbia	\N	VM 2010	182	161
1450	e6rqqXhYqdFo	Honduras - Chile	\N	VM 2010	164	143
1458	ebw486hNEpXa	Italia - Paraguay	\N	VM 2010	180	172
1486	eRkDldxdFSRX	USA - Algerie	\N	VM 2010	159	188
7771	e8ENVxIgoBPy	TFS - Temavideo	\N		323	322
10921	eUWtSxKx0TMP	Barcelona - Champions League 10/11 (2011-05-28)	2011-05-28 00:00:00		10920	10
11014	1	Norge - Tsjekkia (2011-08-10)	2011-08-10 00:00:00	Ullevaal stadion                        	1088	333
\.


--
-- Data for Name: person; Type: TABLE DATA; Schema: public; Owner: nf
--

COPY person (id, code, name) FROM stdin;
18	lionelmessi	Lionel Messi
19	xavihernandez	Xavi Hernandez
20	gonzalohiguain	Gonzalo Higuain
21	carlespuyol	Carles Puyol
22	sergioramos	Sergio Ramos
145	davidvilla	David Villa
158	kaka	Kaka
189	maynorfigeruoa	Maynor Figeruoa
190	simonkjær	Simon Kjær
191	ricardocarvalho	Ricardo Carvalho
192	aleksandarlukovic	Aleksandar Lukovic
193	rafikhalliche	Rafik Halliche
194	lucio	Lucio
195	rafaelmarquez	Rafael Marquez
196	yayatoure	Yaya Toure
197	xabialonso	Xabi Alonso
198	riccardomontolivo	Riccardo Montolivo
199	juliobaptista	Julio Baptista
200	johnmensah	John Mensah
201	kevinprinceboateng	Kevin Prince Boateng
202	mesutozil	Mesut Ozil
203	valterbirza	Valter Birza
204	robinvanpersie	Robin van Persie
205	elano	Elano
206	samirkhedira	Samir Khedira
207	fabiocoentrao	Fabio Coentrao
209	dennisrommedahl	Dennis Rommedahl
210	miroslavklose	Miroslav Klose
211	zlatanljubijankic	Zlatan Ljubijankic
262	permertesacker	Per Mertesacker
271	ramires	Ramires
272	bastianschweinsteiger	Bastian Schweinsteiger
273	anthonyannan	Anthony Annan
274	raulmeireles	Raul Meireles
275	tiago	Tiago
276	luisfabiano	Luis Fabiano
335	haavardnilsen	Håvard Nilsen
352	eduardo	Eduardo
353	milanjovanovic	Milan Jovanovic
354	miloskrasic	Milos Krasic
355	daisukematsui	Daisuke Matsui
356	edinsoncavani	Edinson Cavani
357	luissuarez	Luis Suarez
358	edgaralvarez	Edgar Alvarez
359	georgiewelcome	Georgie Welcome
360	jondahltomasson	Jon Dahl Tomasson
361	diegoforlan	Diego Forlan
362	nelsonvaldez	Nelson Valdez
363	konstantinoskatsouranis	Konstantinos Katsouranis
364	jozyaltidore	Jozy Altidore
365	marcustuliotanaka	Marcus Tulio Tanaka
367	jermaindefoe	Jermain Defoe
368	milivojenovakovic	Milivoje Novakovic
369	javierhernandez	Javier Hernandez
370	gerardotorrado	Gerardo Torrado
371	asamoahgyan	Asamoah Gyan
372	sergioaguero	Sergio Aguero
373	robinho	Robinho
374	carlossalcido	Carlos Salcido
375	stephanlichtsteiner	Stephan Lichtsteiner
376	tranquillobarnetta	Tranquillo Barnetta
377	didierdrogba	Didier Drogba
378	romaric	Romaric
379	lucasbarrios	Lucas Barrios
380	enriquevera	Enrique Vera
381	cristianoronaldo	Cristiano Ronaldo
382	yasuhitoendo	Yasuhito Endo
383	carlostevez	Carlos Tevez
384	jeromeboateng	Jerome Boateng
385	marcelljansen	Marcell Jansen
386	franklampard	Frank Lampard
387	keisukehonda	Keisuke Honda
388	waynerooney	Wayne Rooney
389	andresiniesta	Andres Iniesta
390	erenderdiyok	Eren Derdiyok
391	blaisenkufo	Blaise Nkufo
392	johnterry	John Terry
393	dirkkuyt	Dirk Kuyt
394	juansebastianveron	Juan Sebastian Veron
395	diegomilito	Diego Milito
396	maxirodriguez	Maxi Rodriguez
397	fernandotorres	Fernando Torres
398	felipemelo	Felipe Melo
399	danialves	Dani Alves
400	jamesmilner	James Milner
401	nicolasotamendi	Nicolas Otamendi
402	sulleymuntari	Sulley Muntari
403	pedro	Pedro
404	lucasthwala	Lucas Thwala
405	ricardocosta	Ricardo Costa
406	philipplahm	Philipp Lahm
407	juan	Juan
408	lucasneill	Lucas Neill
409	tayetaiwo	Taye Taiwo
410	jonasgutierrez	Jonas Gutierrez
411	nicklasbendtner	Nicklas Bendtner
412	abdulkaderkeita	Abdul Kader Keita
413	arthurboka	Arthur Boka
414	hugoalmeida	Hugo Almeida
415	antoniodenatale	Antonio De Natale
416	siphiwetshabalala	Siphiwe Tshabalala
417	katlegomphela	Katlego Mphela
418	lucaspodolski	Lucas Podolski
419	glenjohnson	Glen Johnson
420	giovannivanbronckhorst	Giovanni van Bronckhorst
421	maicon	Maicon
422	arjenrobben	Arjen Robben
423	wesleysnijder	Wesley Snijder
424	joancapdevila	Joan Capdevila
425	sergiobusquets	Sergio Busquets
426	itumelengkhune	Itumeleng Khune
427	claudiobravo	Claudio Bravo
428	moneebjosephs	Moneeb Josephs
429	sergioromero	Sergio Romero
430	richardkingson	Richard Kingson
431	eijikawashima	Eiji Kawashima
432	ikercasillas	Iker Casillas
438	hamidousouleymanou	Hamidou Souleymanou
439	justovillar	Justo Villar
440	janmucha	Jan Mucha
442	fernandomuslera	Fernando Muslera
444	maartenstekelenburg	Maarten Stekelenburg
445	vincentenyeama	Vincent Enyeama
446	markschwarzer	Mark Schwarzer
366	manuelneuer	Manuel Neuer
447	timhoward	Tim Howard
451	rimyongguk	Ri Myong Guk
453	thomassørensen	Thomas Sørensen
454	markpaston	Mark Paston
455	juliocesar	Julio Cesar
456	davidjames	David James
460	vladimirstojkovic	Vladimir Stojkovic
461	diegobenaglio	Diego Benaglio
462	robertgreen	Robert Green
466	alexandrostzorvas	Alexandros Tzorvas
468	noelvalladares	Noel Valladares
469	samirhandanovic	Samir Handanovic
470	oscarperez	Oscar Perez
471	hugolloris	Hugo Lloris
472	raismbolhi	Rais M`Bolhi
479	pakcholjin	Pak Chol Jin
481	bojanjokic	Bojan Jokic
485	ryannelsen	Ryan Nelsen
487	jorgefucile	Jorge Fucile
490	chajonghyok	Cha Jong Hyok
491	gregoryvanderwiel	Gregory van der Wiel
492	martincaceres	Martin Caceres
495	hanssarpei	Hans Sarpei
500	jiyunnam	Ji Yun Nam
501	benoitassouekotto	Benoit Assou- Ekotto
502	avraampapadopolous	Avraam Papadopolous
503	gerardpique	Gerard Pique
504	diegolugano	Diego Lugano
505	nicolasburdisso	Nicolas Burdisso
506	danielagger	Daniel Agger
507	osmanchavez	Osman Chavez
508	antolinalcaraz	Antolin Alcaraz
509	stephanegrichting	Stephane Grichting
510	arnefriedrich	Arne Friedrich
511	oguchionyewu	Oguchi Onyewu
512	leejungsoo	Lee Jung Soo
513	mauriciovictorino	Mauricio Victorino
514	andresscotti	Andres Scotti
515	stevengerrard	Steven Gerrard
516	kolotoure	Kolo Toure
517	simonpoulsen	Simon Poulsen
518	egidioarevalo	Egidio Arevalo
519	carlvaleri	Carl Valeri
520	sokratispapastathopolous	Sokratis Papastathopolous
521	diegoperez	Diego Perez
522	jeremytoulalan	Jeremy Toulalan
525	alexandrostziolis	Alexandros Tziolis
527	javiermascherano	Javier Mascherano
530	medhilacen	Medhi Lacen
532	frankrivery	Frank Ribery
534	alexissanchez	Alexis Sanchez
538	andreayew	Andre Ayew
539	simonepepe	Simone Pepe
542	leechungyong	Lee Chung Yong
544	samuelinkoom	Samuel Inkoom
546	emileheskey	Emile Heskey
547	giovanidossantos	Giovani dos Santos
548	larsjacobsen	Lars Jacobsen
549	martinjørgensen	Martin Jørgensen
550	siakatiene	Siaka Tiene
551	ismaeltiote	Ismael Tiote
552	pepe	Pepe
554	matthewupson	Matthew Upson
555	stevevonbergen	Steve von Bergen
557	johnnyheitinga	Johnny Heitinga
559	christospatsatzoglou	Christos Patsatzoglou
560	michelbastos	Michel Bastos
561	gilbertosilva	Gilberto Silva
208	thomasmuller	Thomas Müller
1076	kimskogsrud	Kim Skogsrud
1077	hassanelfakiri	Hassan El Fakiri
1079	maniche	Maniche
1080	zinedinezidane	Zinedine Zidane
1081	ericabidal	Éric Abidal
1082	ronaldo	Ronaldo
1083	ruudvannistelrooy	Ruud van Nistelrooy
1090	michaelballack	Michael Ballack
1091	tomasrosicky	Tomá Rosický
1092	patrickvieira	Patrick Vieira
1093	thierryhenry	Thierry Henry
1094	mohamedkader	Mohamed Kader
1095	javiersaviola	Javier Saviola
1096	haminudraman	Haminu Draman
1097	keijitamada	Keiji Tamada
1098	torsteinfrings 	Torstein Frings 
1099	davidbeckham	David Beckham
1100	carlostenorio	Carlos Tenorio
1101	ceciliepedersen 	Cecilie Pedersen 
1102	darijosrna 	Darijo Srna 
1103	estebancambiasso	Esteban Cambiasso
1104	jankoller	Jan Koller
1105	zdenekgrygera	Zden&#283;k Grygera
1078	zlatanibrahimovic	Zlatan Ibrahimovic
7776	loukasvyntra	Loukas Vyntra
7777	gennarogattuso	Gennaro Gattuso
9048	spilleklar	Spilleklar
9067		Radoslav Zabavnik
9484	kwadwoasamoah	Kwadwo Asamoah
9764	brunoalves	Bruno Alves
10016	sergiomendoza	Sergio Mendoza
10914	tom	-
10918	ingen person	 
11013	runejarstein	Rune Jarstein
11014	tomhogli	Tom Høgli
11015	kjetilwahler	Kjetil Wæhler
11016	vadimdemidov	Vadim Demidov
11017	johnarneriise	John Arne Riise
11018	erikhuseklepp	Erik Huseklepp
11019	alexandertettey	Alexander Tettey
11020	henninghauger	Henning Hauger
11021	christiangrindheim	Christian Grindheim
11022	mortengamstpedersen	Morten Gamst Pedersen
11023	mohammedabdellaoue	Mohammed Abdellaoue
11024	simenbrenne	Simen Brenne
11025	jonathanparr	Jonathan Parr
11026	rubenyttergardjensen	Ruben Yttergård Jensen
11027	tarikelyounoussi	Tarik Elyounoussi
\.


--
-- Data for Name: playlist; Type: TABLE DATA; Schema: public; Owner: nf
--

COPY playlist (id, code, name, description, lastupdated, owner_id) FROM stdin;
9055	pCeI5Nm7Ng4n	KW	KW	2011-04-26 08:11:04.42	141
9140	pvECtutM0tme	Mot etablert	Mot etablert	2011-05-03 02:39:26.365	141
9141	pqWK48ZBjhBK	Kontringer	Kontringer	2011-05-03 02:45:56.665	141
10487	pqCfaQ15Qxoh	bevegelse foran mål		2011-05-22 12:54:54.897	302
348	pCiJuiXcacWw	Messi	Messi	2011-05-22 12:55:04.257	302
9056	pPXFQlDTXdGD	Diverse	Diverse	2011-05-23 11:36:03.885	141
9057	p2DMuMrtGMjZ	Chelsea	Chelsea	2011-05-23 11:36:25.71	141
10515	pLIZJ4cEfwN2	Frispark	Frispark	2011-05-23 12:42:35.012	141
10521	pFEb67QlbrIE	Keeper	Keeper	2011-05-26 13:19:53.664	141
10522	pa2Onc0TIpWz	Jan erik	Jan erik	2011-05-26 14:07:21.786	141
10531	pxQeQ4XFL4Ua	Innside dupp	Innside dupp	2011-05-27 10:40:42.786	10530
10532	pFDRV9OrARg3	Dupp innside	Dupp innside	2011-05-27 10:41:50.682	10530
10533	p7JbyCGJpBZ6	Dupp innside	Dupp innside	2011-05-27 10:42:48.116	10530
10534	psrBPACM3g3y	Frispark Dupp Innside	Frispark Dupp Innside	2011-05-27 10:43:12.697	10530
10903	p2krsYCu65Sl	Ronny	Ronny	2011-06-07 09:49:20.906	141
10922	p8tJ1San2Cme	BMM		2011-06-14 18:43:35.018	10907
10923	pxOntIrsxx0n	BMM	BMM	2011-06-14 18:44:24.678	10907
10954	poYcdUsG98Bz	sss	sss	2011-07-19 10:48:03.506	10953
10963	pPGmlvRoFI5I	1F	1F	2011-08-03 09:55:22.99	\N
10964	p7bZxfn384Xm	1F	1F	2011-08-03 09:55:44.028	\N
10965	p3D5gbd4xqVI	1F	1F	2011-08-03 09:56:15.5	\N
10984	pISzo4j4Ha2Z	Beckham	Beckham	2011-08-25 10:31:10.28	10936
10988	p4DnUyUSlW0e	Mascherano	Mascherano	2011-08-26 11:06:24.236	10936
10992	pSS77DL35Yra	Frodes liste	Test på spilleliste	2011-09-01 12:46:53.054	10991
10995	pLbjMGWJ9ull	Forsvarsarbeid	alle dimensjoner	2011-09-03 05:57:43.615	10990
10996	pdF67IPv4llN	Jan Peder Jalland		2011-09-03 08:20:54.608	10950
10997	pQvDohiOKrEk	Overganger	Overganger	2011-09-03 08:49:08.495	10950
10999	pmTQfu0D5E7J			2011-09-08 03:34:26.519	10998
11000	pk8PbQtFUteR	Redning	Redning	2011-09-12 03:41:52.046	141
11009	pa2O7vXTfoth	Indrefileter		2011-09-15 04:24:43.357	9059
11012	pbWJaJMdi3Kw	Keeperkurs		2011-09-16 04:05:45.375	9059
\.


--
-- Data for Name: playlist_usertable; Type: TABLE DATA; Schema: public; Owner: nf
--

COPY playlist_usertable (playlist_id, users_id) FROM stdin;
10954	10911
11000	9059
11012	10528
\.


--
-- Data for Name: team; Type: TABLE DATA; Schema: public; Owner: nf
--

COPY team (id, code, name) FROM stdin;
10	barcelona	Barcelona
11	realmadrid	Real Madrid
12	manchesterunited	Manchester United
13	arsenal	Arsenal
142	Spania	Spania
143	Honduras	Honduras
159	algerie	Algerie
160	argentina	Argentina
161	australia	Australia
162	brasil	Brasil
163	kamerun	Kamerun
164	chile	Chile
165	elfenbenkysten	Elfenbenkysten
166	danmark	Danmark
167	england	England
168	frankrike	Frankrike
169	tyskland	Tyskland
170	ghana	Ghana
171	hellas	Hellas
172	italia	Italia
173	japan	Japan
174	nordkorea	Nord- Korea
175	sørkorea	Sør- Korea
176	mexico	Mexico
177	nederland	Nederland
178	newzealand	New Zealand
179	nigeria	Nigeria
180	paraguay	Paraguay
181	portugal	Portugal
182	serbia	Serbia
183	slovakia	Slovakia
184	slovenia	Slovenia
185	sørafrika	Sør- Afrika
186	sveits	Sveits
187	uruguay	Uruguay
188	usa	USA
311	stabæk	Stabæk
312	ifkgøteborg	IFK Gøteborg
322	tfs	TFS
329	nesodden	Nesodden
333	norge	Norge
341	stabak	Stabak
1074	chelsea	Chelsea
1075	lyn	Lyn
1085	ajax	Ajax
1086	liverpool	Liverpool
1087	togo	Togo
1088	tsjekkia	Tsjekkia
1106	norgeg19	Norge G19
1107	ecuador	Ecuador
1108	kroatia	Kroatia
1109	everton	Everton
1114	-	-
1116	 	 
1121	trinidadogtobago	Trinidad og Tobago
1124	nacbreda	NAC Breda
1130	serbiaogmontenegro	Serbia og Montenegro
1138	korea	Korea
1145	costarica	Costa Rica
1181	monaco	Monaco
1184	sverige	Sverige
1187	rosenborg	Rosenborg
1196	portsmouth	Portsmouth
323	temavideo	Temavideo
10920	championsleague1011	Champions League 10/11
\.


--
-- Data for Name: usertable; Type: TABLE DATA; Schema: public; Owner: nf
--

COPY usertable (id, username, firstname, lastname, password, userrole, restorecode) FROM stdin;
10911	Oystein.Garborg@sandvika.vgs.no	Oystein	Garborg	4a75396f8ccdc23e6ad5e66c01770264	ROLE_USER	\N
10912	anders.giske@broadpark.no	Anders	Giske	e7cf7fe529ae58a1b07e08901d1888b6	ROLE_USER	\N
302	espen@toppfotballsenter.no	Espen	Olafsen	5f2408ffd8b79819730c62a37a640fb5	ROLE_ADMIN	\N
10909	gard.holme@hotmail.com	Gard	Holme	a66e00bd7bbb22cdbdf9bec45e431670	ROLE_TRUSTED_USER	\N
9061	geir@toppfotballsenter.no	Geir	Jordet	9ddd19cab3fe79fa41068f542d141c1c	ROLE_ADMIN	\N
10910	hfkjunior@msn.com	Andre	Wilsgard	0a79ffe1dfa98f3aca1ff6d87c83a0b7	ROLE_USER	\N
10528	janerik.stinessen@fotball.no	Jan Erik	Stinessen	3f9bcccf328796a9242ac57ed9bc9755	ROLE_TRUSTED_USER	\N
350	jo@toppfoballsenter.no	Jo	Bergsvand	9bc82767fd6eab00ea0d4611c7f71b04	ROLE_ADMIN	\N
10906	joakim@sarpsborg08.no	Joakim	Klaeboe	116b4bf135bd7ce09a9207fb8b04119e	ROLE_USER	\N
10915	jorgen.lennartsson@stabak.no	Jorgen	Lennartsson	2fd8fd71b8ed30cb2d3fbb6f0f2ec175	ROLE_USER	\N
141	kenneth.wilsgaard@gmail.com	Kenneth	Wilsgard	8e78bdce09824de542698cb913e37449	ROLE_ADMIN	\N
10905	roar@sarpsborg08.no	Roar	Johansen	330fd119f2b65a0d0cc7153de0093a06	ROLE_USER	\N
4589	rolf@toppfotballsenter.no	Rolf	Teigen	0fc5dbd7a63b8320b4f47450218ffa48	ROLE_MANAGER	\N
10530	ronny@sandefjordfotball.no	Ronny	Holmedal	8e747696fe6071a62720f56bd60c949c	ROLE_TRUSTED_USER	\N
10932	rune.soltvedt@brann.no	Rune	Soltvedt	a588ae21d4b90991bf454c22c262f210	ROLE_USER	\N
9060	sigmund@toppfotballsenter.no	Sigmund	Aasen	e089d714df7b4161c8c80e13c2a82404	ROLE_ADMIN	\N
10908	sir_andersen@hotmail.com	Espen	Andersen	db4a267647e6a61bd9f63b8dc96505ac	ROLE_ADMIN	\N
10907	trond.nordsteien@rbk.no	Trond	Nordsteien	33bd7bafd5a7264f35b8cae7310845ec	ROLE_USER	\N
10535	HansPetter@sandefjordfotball.no	Hans Petter	Olsen	07ff200f9991108e6ce988293606ecb0	ROLE_TRUSTED_USER	\N
10529	frode.grodas@fotball.no	Frode	Grodas	dcfad45e9a5d374be489bce492cd55d0	ROLE_TRUSTED_USER	\N
10904	oyvind@glimt.no	Oyvind	Iversen	b049038d18cb1cae4fa1d047d3490615	ROLE_TRUSTED_USER	\N
10990	tarjei.nerbo.smagesjo@fotball.no	Tarjei	Nerbø Smågesjø	cd2fdcc9af0cbb3e5315a342ae8a67fc	ROLE_USER	\N
10936	larshelge@gmail.com	Lars	Overland	51c94d4cab8143c2efb90f2ecc50226f	ROLE_ADMIN	\N
10937	roger.eilertsen@fotball.no	Roger	Eilertsen	56f5fd060855e8b1d081037af0aa80f2	ROLE_USER	\N
10938	pdi@skagenfondene.no	Pål 	Didriksen	3d8faabddd31fb77efdf6fad15db2d7b	ROLE_USER	\N
10939	janove.ageloc@gmail.com	Jan Ove	Pedersen	d3a73014d8ba5352dc6290ec351c12ba	ROLE_USER	\N
10940	gunnarisakmoen@yahoo.no	Gunnar 	Moen	f996c5336b4fa8b5d96235a3d35a00e8	ROLE_USER	\N
10941	atjo@online.no	Arild	Tjomsland	7244cdd0b131a93f69fc1b8215befef8	ROLE_USER	\N
10942	dyb@mimer.no	Jonny	Dyb	62f3601d21c9ea5b2c127d24602d0882	ROLE_USER	\N
10943	geiaasne@online.no	Geir	Sneis	22a761feb3e8f6437db467e089173e4d	ROLE_USER	\N
10944	odd.olaf.dragsnes@infinigate.no	Odd Olaf	Dragsnes	a5a5f29dc2685d35df062aee29d0252a	ROLE_USER	\N
10945	rune@altaif.no	Rune	Berger	71eb31eec3416865d943213d3e4041d9	ROLE_USER	\N
10946	runerepp@altaif.no	Rune	Repvik	5dadbacc7c074df3f4595ac0e801068a	ROLE_USER	\N
10947	mihkku.maso@live.no	Mihkku	Måsø	9dfff1e4a3afc9db99764efb90d7074f	ROLE_USER	\N
10948	mihkku.maso@live.no	Mihkku	Måsø	9dfff1e4a3afc9db99764efb90d7074f	ROLE_USER	\N
10950	jalland@ntg.no	Jan Peder	Jalland	df70c3e5beb954b5e2d12f5acd64e614	ROLE_USER	\N
10951	Petter@alpemannskolen.no	Petter	Lo Presti	4a7043342edec163cc1e5c0f151ad415	ROLE_USER	\N
10952	kjetil.zachariassen@gmail.com	Kjetil	Zachariassen	c1bb74c945aa250235bb5f23a5afdf0d	ROLE_USER	\N
10953	matsrhansen@hotmail.com	mats	hansen	98d93070f82fd7399ae089686b2a6037	ROLE_USER	\N
10955	tfasadeteknikk@yahoo.com	trond	pettersen	36e12e421108f445c660eb685d4bed6b	ROLE_USER	\N
10956	arnfinn.ingjerd@gmail.com	Arnfinn	Ingjerd	0f036920c2024f309a3ef405f60adc7d	ROLE_USER	\N
10957	odd@brann.no	Odd Einar	Fossum	a1685c9fcc77cf69a5aa61f4938b348c	ROLE_USER	\N
10958	ge-bakke@hotmail.com	geir	bakke	8fec660d35849d171a26c96bc43697b5	ROLE_USER	\N
10959	berntsen22@gmail.com	Tommy	Berntsen	6409acd26e343b73c4a782cab70cceaf	ROLE_USER	\N
10962	brage.sandvoll@hotmail.com	brage	sandvoll	9da8cb6f006e300385371a2d8b312cf5	ROLE_USER	\N
9062	dag@toppfotballsenter.no	Dag	Opjordsmoen	094f7d1df33b7cc19d66209f38fba7ea	ROLE_ADMIN	\N
10949	ska@sogndalfotball.no	Sebastian	Kaldestad	789cc135bcd215a64c73cf227097a214	ROLE_USER	\N
10967	per-erik.andersen@fotball.no	Per-Erik	Andersen	2ae12f20cca6dccb4a6eb7fb6b2efd76	ROLE_USER	\N
10968	tormh@online.no	Tor Martin	Hegrenes	ca56109b28f48fe5c99a81336c059770	ROLE_USER	\N
10969	fredrikborenstein@hotmail.com	Fredrik Arntzen	borenstein	14ba687902e77bd482d2316168a77f17	ROLE_USER	\N
10970	rune@tikitakafotball.com	rune	mikkelsen	c91b91e709d9495a4fc7e0f2dc9d4a28	ROLE_USER	\N
10971	victor1802@osloskolen.no	Victor	Hansen	2ebd05027ee6acc1647f4e9e03555a5b	ROLE_USER	\N
10972	frank@ibruk.no	Frank Gunnar	Hansen	0c5b55bc6ff53cb7dc565b03d2da3494	ROLE_USER	\N
10974	nils@kvikhalden.no	 Nils	Lexer	fd80b812ed27e0c2cc22c03c94885d87	ROLE_USER	\N
10978	robert-fotball95@hotmail.com	Robert	Kjønås	f00aad94875ff15ccbafba5b7c377baa	ROLE_USER	\N
10979	akselbergo@hotmail.com	Aksel	Bergo	56a3e46df4315bdd5154f10c8c329e6e	ROLE_USER	\N
10981	thor.einar.andersen@nih.no	Thor Einar	Andersen	4384c50d8f23f82895bf5ddbdc43d006	ROLE_USER	\N
10985	mollerjensen.joachim@gmail.com	Joachim	Møller Jensen	19e1c037b3359439d39044361bf7b6b7	ROLE_USER	\N
10989	pesun2@online.no	Per	Sunde	bc536a6b979c7ddd3fb371a3d4ce4700	ROLE_USER	\N
10991	frode@sc.no	Frode	Samuelsen	edf819a34b95b9aa256a0bc29989d0b0	ROLE_USER	\N
10994	frode.samuelsen@kxp.no	Frode	Samuelsen	3c7f7c8e25cde16a40493b40326ec25a	ROLE_ADMIN	\N
10998	Lorentzen_97@hotmail.com	Håkon	Lorentzen	199216c83711d20e3214ca8456240908	ROLE_USER	\N
11001	jon@godset.no	Jon	Røgeberg	7fa3c374a7a9ee8408b540e882b3ab38	ROLE_USER	\N
11005	olearvid@yahoo.com	Ole	Olsen	9fdbcd0184ee7396b2b8d331e6de0c9d	ROLE_USER	\N
11006	V_Urdal@hotmail.com	Vebjørn Brauten	Urdal	c44f389b3b6c8f7826308783f6378788	ROLE_USER	\N
11007	nikklas@vif.no	Niklas	Nyland	e5c28999db3b6c391539409f4f682b20	ROLE_USER	\N
11008	gaute@fkvidar.no	Gaute	Erevik Johannessen	977ca7c7b8a6ef92d02cc1662a633b89	ROLE_USER	\N
9059	aksel@toppfotballsenter.no	Aksel	Bergo	c9e2af71316a601fcc76d1ea9d06122a	ROLE_ADMIN	\N
11010	terje.hoem@hotmail.com	Terje	Hoem	73e922f7f5469397c281c8cbe568232f	ROLE_USER	\N
11011	jan.erik.stinessen@fotball.no	Jan Erik	Stinessen	6115df935fa9336ecb473b72ca58d2eb	ROLE_USER	\N
11013	interplay@interplay.com	Interplay	Interplay	28c5e86a07757ed3d2395c18f0a5a207	ROLE_ADMIN	\N
\.


--
-- Name: category_code_key; Type: CONSTRAINT; Schema: public; Owner: nf; Tablespace: 
--

ALTER TABLE ONLY category
    ADD CONSTRAINT category_code_key UNIQUE (code);


--
-- Name: category_pkey; Type: CONSTRAINT; Schema: public; Owner: nf; Tablespace: 
--

ALTER TABLE ONLY category
    ADD CONSTRAINT category_pkey PRIMARY KEY (id);


--
-- Name: clip_code_key; Type: CONSTRAINT; Schema: public; Owner: nf; Tablespace: 
--

ALTER TABLE ONLY clip
    ADD CONSTRAINT clip_code_key UNIQUE (code);


--
-- Name: clip_comment_comments_id_key; Type: CONSTRAINT; Schema: public; Owner: nf; Tablespace: 
--

ALTER TABLE ONLY clip_comment
    ADD CONSTRAINT clip_comment_comments_id_key UNIQUE (comments_id);


--
-- Name: clip_comment_pkey; Type: CONSTRAINT; Schema: public; Owner: nf; Tablespace: 
--

ALTER TABLE ONLY clip_comment
    ADD CONSTRAINT clip_comment_pkey PRIMARY KEY (clip_id, comments_id);


--
-- Name: clip_person_pkey; Type: CONSTRAINT; Schema: public; Owner: nf; Tablespace: 
--

ALTER TABLE ONLY clip_person
    ADD CONSTRAINT clip_person_pkey PRIMARY KEY (clip_id, persons_id);


--
-- Name: clip_pkey; Type: CONSTRAINT; Schema: public; Owner: nf; Tablespace: 
--

ALTER TABLE ONLY clip
    ADD CONSTRAINT clip_pkey PRIMARY KEY (id);


--
-- Name: clip_playlist_pkey; Type: CONSTRAINT; Schema: public; Owner: nf; Tablespace: 
--

ALTER TABLE ONLY clip_playlist
    ADD CONSTRAINT clip_playlist_pkey PRIMARY KEY (clip_id, playlists_id);


--
-- Name: clipcategory_pkey; Type: CONSTRAINT; Schema: public; Owner: nf; Tablespace: 
--

ALTER TABLE ONLY clipcategory
    ADD CONSTRAINT clipcategory_pkey PRIMARY KEY (id);


--
-- Name: comment_pkey; Type: CONSTRAINT; Schema: public; Owner: nf; Tablespace: 
--

ALTER TABLE ONLY comment
    ADD CONSTRAINT comment_pkey PRIMARY KEY (id);


--
-- Name: document_pkey; Type: CONSTRAINT; Schema: public; Owner: nf; Tablespace: 
--

ALTER TABLE ONLY document
    ADD CONSTRAINT document_pkey PRIMARY KEY (id);


--
-- Name: event_code_key; Type: CONSTRAINT; Schema: public; Owner: nf; Tablespace: 
--

ALTER TABLE ONLY event
    ADD CONSTRAINT event_code_key UNIQUE (code);


--
-- Name: event_pkey; Type: CONSTRAINT; Schema: public; Owner: nf; Tablespace: 
--

ALTER TABLE ONLY event
    ADD CONSTRAINT event_pkey PRIMARY KEY (id);


--
-- Name: person_code_key; Type: CONSTRAINT; Schema: public; Owner: nf; Tablespace: 
--

ALTER TABLE ONLY person
    ADD CONSTRAINT person_code_key UNIQUE (code);


--
-- Name: person_pkey; Type: CONSTRAINT; Schema: public; Owner: nf; Tablespace: 
--

ALTER TABLE ONLY person
    ADD CONSTRAINT person_pkey PRIMARY KEY (id);


--
-- Name: playlist_code_key; Type: CONSTRAINT; Schema: public; Owner: nf; Tablespace: 
--

ALTER TABLE ONLY playlist
    ADD CONSTRAINT playlist_code_key UNIQUE (code);


--
-- Name: playlist_pkey; Type: CONSTRAINT; Schema: public; Owner: nf; Tablespace: 
--

ALTER TABLE ONLY playlist
    ADD CONSTRAINT playlist_pkey PRIMARY KEY (id);


--
-- Name: playlist_usertable_pkey; Type: CONSTRAINT; Schema: public; Owner: nf; Tablespace: 
--

ALTER TABLE ONLY playlist_usertable
    ADD CONSTRAINT playlist_usertable_pkey PRIMARY KEY (playlist_id, users_id);


--
-- Name: team_code_key; Type: CONSTRAINT; Schema: public; Owner: nf; Tablespace: 
--

ALTER TABLE ONLY team
    ADD CONSTRAINT team_code_key UNIQUE (code);


--
-- Name: team_pkey; Type: CONSTRAINT; Schema: public; Owner: nf; Tablespace: 
--

ALTER TABLE ONLY team
    ADD CONSTRAINT team_pkey PRIMARY KEY (id);


--
-- Name: usertable_pkey; Type: CONSTRAINT; Schema: public; Owner: nf; Tablespace: 
--

ALTER TABLE ONLY usertable
    ADD CONSTRAINT usertable_pkey PRIMARY KEY (id);


--
-- Name: in_category_name; Type: INDEX; Schema: public; Owner: nf; Tablespace: 
--

CREATE INDEX in_category_name ON category USING btree (name);


--
-- Name: in_clipcategory_category_id; Type: INDEX; Schema: public; Owner: nf; Tablespace: 
--

CREATE INDEX in_clipcategory_category_id ON clipcategory USING btree (category_id);


--
-- Name: in_event_name; Type: INDEX; Schema: public; Owner: nf; Tablespace: 
--

CREATE INDEX in_event_name ON event USING btree (name);


--
-- Name: in_person_name; Type: INDEX; Schema: public; Owner: nf; Tablespace: 
--

CREATE INDEX in_person_name ON person USING btree (name);


--
-- Name: in_playlist_name; Type: INDEX; Schema: public; Owner: nf; Tablespace: 
--

CREATE INDEX in_playlist_name ON playlist USING btree (name);


--
-- Name: in_team_name; Type: INDEX; Schema: public; Owner: nf; Tablespace: 
--

CREATE INDEX in_team_name ON team USING btree (name);


--
-- Name: fk16715de11c34699b; Type: FK CONSTRAINT; Schema: public; Owner: nf
--

ALTER TABLE ONLY clip_playlist
    ADD CONSTRAINT fk16715de11c34699b FOREIGN KEY (playlists_id) REFERENCES playlist(id);


--
-- Name: fk16715de193239e4a; Type: FK CONSTRAINT; Schema: public; Owner: nf
--

ALTER TABLE ONLY clip_playlist
    ADD CONSTRAINT fk16715de193239e4a FOREIGN KEY (clip_id) REFERENCES clip(id);


--
-- Name: fk2c9490d65007610d; Type: FK CONSTRAINT; Schema: public; Owner: nf
--

ALTER TABLE ONLY playlist_usertable
    ADD CONSTRAINT fk2c9490d65007610d FOREIGN KEY (users_id) REFERENCES usertable(id);


--
-- Name: fk2c9490d67ed02f0a; Type: FK CONSTRAINT; Schema: public; Owner: nf
--

ALTER TABLE ONLY playlist_usertable
    ADD CONSTRAINT fk2c9490d67ed02f0a FOREIGN KEY (playlist_id) REFERENCES playlist(id);


--
-- Name: fk79242f2493239e4a; Type: FK CONSTRAINT; Schema: public; Owner: nf
--

ALTER TABLE ONLY clip_person
    ADD CONSTRAINT fk79242f2493239e4a FOREIGN KEY (clip_id) REFERENCES clip(id);


--
-- Name: fk79242f24f6988721; Type: FK CONSTRAINT; Schema: public; Owner: nf
--

ALTER TABLE ONLY clip_person
    ADD CONSTRAINT fk79242f24f6988721 FOREIGN KEY (persons_id) REFERENCES person(id);


--
-- Name: fk8443cfa285c6c9ac; Type: FK CONSTRAINT; Schema: public; Owner: nf
--

ALTER TABLE ONLY document_category
    ADD CONSTRAINT fk8443cfa285c6c9ac FOREIGN KEY (categories_id) REFERENCES category(id);


--
-- Name: fk8443cfa2db1afe6a; Type: FK CONSTRAINT; Schema: public; Owner: nf
--

ALTER TABLE ONLY document_category
    ADD CONSTRAINT fk8443cfa2db1afe6a FOREIGN KEY (document_id) REFERENCES document(id);


--
-- Name: fk_category_parent; Type: FK CONSTRAINT; Schema: public; Owner: nf
--

ALTER TABLE ONLY category
    ADD CONSTRAINT fk_category_parent FOREIGN KEY (parentid) REFERENCES category(id);


--
-- Name: fk_clip_comment; Type: FK CONSTRAINT; Schema: public; Owner: nf
--

ALTER TABLE ONLY clip_comment
    ADD CONSTRAINT fk_clip_comment FOREIGN KEY (clip_id) REFERENCES clip(id);


--
-- Name: fk_clip_event; Type: FK CONSTRAINT; Schema: public; Owner: nf
--

ALTER TABLE ONLY clip
    ADD CONSTRAINT fk_clip_event FOREIGN KEY (event_id) REFERENCES event(id);


--
-- Name: fk_clip_team; Type: FK CONSTRAINT; Schema: public; Owner: nf
--

ALTER TABLE ONLY clip
    ADD CONSTRAINT fk_clip_team FOREIGN KEY (team_id) REFERENCES team(id);


--
-- Name: fk_clipcategory_category; Type: FK CONSTRAINT; Schema: public; Owner: nf
--

ALTER TABLE ONLY clipcategory
    ADD CONSTRAINT fk_clipcategory_category FOREIGN KEY (category_id) REFERENCES category(id);


--
-- Name: fk_clipcategory_clip; Type: FK CONSTRAINT; Schema: public; Owner: nf
--

ALTER TABLE ONLY clipcategory
    ADD CONSTRAINT fk_clipcategory_clip FOREIGN KEY (clip_id) REFERENCES clip(id);


--
-- Name: fk_comment_user; Type: FK CONSTRAINT; Schema: public; Owner: nf
--

ALTER TABLE ONLY comment
    ADD CONSTRAINT fk_comment_user FOREIGN KEY (owner_id) REFERENCES usertable(id);


--
-- Name: fk_event_awayteam_team; Type: FK CONSTRAINT; Schema: public; Owner: nf
--

ALTER TABLE ONLY event
    ADD CONSTRAINT fk_event_awayteam_team FOREIGN KEY (awayteam_id) REFERENCES team(id);


--
-- Name: fk_event_hometeam_team; Type: FK CONSTRAINT; Schema: public; Owner: nf
--

ALTER TABLE ONLY event
    ADD CONSTRAINT fk_event_hometeam_team FOREIGN KEY (hometeam_id) REFERENCES team(id);


--
-- Name: fk_playlist_user; Type: FK CONSTRAINT; Schema: public; Owner: nf
--

ALTER TABLE ONLY playlist
    ADD CONSTRAINT fk_playlist_user FOREIGN KEY (owner_id) REFERENCES usertable(id);


--
-- Name: fkc77d470d34b5515; Type: FK CONSTRAINT; Schema: public; Owner: nf
--

ALTER TABLE ONLY clip_comment
    ADD CONSTRAINT fkc77d470d34b5515 FOREIGN KEY (comments_id) REFERENCES comment(id);


--
-- Name: public; Type: ACL; Schema: -; Owner: postgres
--

REVOKE ALL ON SCHEMA public FROM PUBLIC;
REVOKE ALL ON SCHEMA public FROM postgres;
GRANT ALL ON SCHEMA public TO postgres;
GRANT ALL ON SCHEMA public TO PUBLIC;


--
-- PostgreSQL database dump complete
--

